{
  "aor": 0.0016559064327485381,
  "aqi": 0.014527650253411305,
  "bids_meta": {
    "dataset": "ds001510",
    "modality": "bold",
    "run_id": 2,
    "subject_id": "15",
    "task_id": "perception"
  },
  "dummy_trs": 2,
  "dvars_nstd": 49.318777799531254,
  "dvars_std": 1.2622442894335935,
  "dvars_vstd": 1.0006366917187492,
  "efc": 0.6214813695892873,
  "fber": 217.49021911621094,
  "fd_mean": 0.15032831173415498,
  "fd_num": 77,
  "fd_perc": 15.009746588693957,
  "fwhm_avg": 3.113638333333333,
  "fwhm_x": 2.78721,
  "fwhm_y": 3.458065,
  "fwhm_z": 3.09564,
  "gcor": 0.0157808,
  "gsr_x": 0.00013257929822430015,
  "gsr_y": 0.07332660257816315,
  "provenance": {
    "md5sum": "a90658b9963355c78a6823df296b0f59",
    "settings": {
      "fd_thres": 0.2,
      "testing": false
    },
    "software": "mriqc",
    "version": "23.1.0"
  },
  "size_t": 513,
  "size_x": 96,
  "size_y": 96,
  "size_z": 60,
  "snr": 2.158907490037306,
  "spacing_tr": 1.5,
  "spacing_x": 2.0,
  "spacing_y": 2.0,
  "spacing_z": 2.0,
  "summary_bg_k": 24.429652313791376,
  "summary_bg_mad": 11.534241896973766,
  "summary_bg_mean": 57.69306931057227,
  "summary_bg_median": 28.832359313964844,
  "summary_bg_n": 373246.0,
  "summary_bg_p05": 19.52436637878418,
  "summary_bg_p95": 194.8109130859375,
  "summary_bg_stdv": 70.67115068463634,
  "summary_fg_k": 1.7269709839205483,
  "summary_fg_mad": 178.7084726580548,
  "summary_fg_mean": 455.9457555426559,
  "summary_fg_median": 425.2066345214844,
  "summary_fg_n": 179714.0,
  "summary_fg_p05": 191.47174072265625,
  "summary_fg_p95": 813.5341186523438,
  "summary_fg_stdv": 196.95399338453385,
  "tsnr": 30.006863943999633
}