{
  "aor": 0.0007440503875968991,
  "aqi": 0.006307432926356589,
  "bids_meta": {
    "dataset": "ds001510",
    "modality": "bold",
    "run_id": 3,
    "subject_id": "16",
    "task_id": "perception"
  },
  "dummy_trs": 1,
  "dvars_nstd": 35.87669901060194,
  "dvars_std": 1.0374661958834948,
  "dvars_vstd": 0.9779389931844652,
  "efc": 0.5665682780834478,
  "fber": 282.2076721191406,
  "fd_mean": 0.14590817936146497,
  "fd_num": 92,
  "fd_perc": 17.829457364341085,
  "fwhm_avg": 2.927948333333333,
  "fwhm_x": 2.800455,
  "fwhm_y": 3.04018,
  "fwhm_z": 2.94321,
  "gcor": 0.00637714,
  "gsr_x": -0.004029517062008381,
  "gsr_y": 0.04228860139846802,
  "provenance": {
    "md5sum": "2a85d6dc23cf1fdc1f21d7fec31e3306",
    "settings": {
      "fd_thres": 0.2,
      "testing": false
    },
    "software": "mriqc",
    "version": "23.1.0"
  },
  "size_t": 516,
  "size_x": 96,
  "size_y": 96,
  "size_z": 60,
  "snr": 1.848776703617992,
  "spacing_tr": 1.5,
  "spacing_x": 2.0,
  "spacing_y": 2.0,
  "spacing_z": 2.0,
  "summary_bg_k": 36.36378642218525,
  "summary_bg_mad": 9.162827159215276,
  "summary_bg_mean": 46.71759044496281,
  "summary_bg_median": 26.972867965698242,
  "summary_bg_n": 388843.0,
  "summary_bg_p05": 18.813953399658203,
  "summary_bg_p95": 150.21705627441406,
  "summary_bg_stdv": 56.90015254027165,
  "summary_fg_k": 4.9957819322687635,
  "summary_fg_mad": 198.80950105489683,
  "summary_fg_mean": 500.9090012072474,
  "summary_fg_median": 453.11822509765625,
  "summary_fg_n": 164117.0,
  "summary_fg_p05": 209.02713012695312,
  "summary_fg_p95": 957.5348510742188,
  "summary_fg_stdv": 245.09008780544764,
  "tsnr": 34.762420237995684
}