{
  "bids_meta": {
    "dataset": "ds001510",
    "modality": "T1w",
    "subject_id": "11"
  },
  "cjv": 0.5274386262658486,
  "cnr": 1.8334852821875918,
  "efc": 0.5973839768203145,
  "fber": 1019.4979170799444,
  "fwhm_avg": 4.140183333333333,
  "fwhm_x": 3.98762,
  "fwhm_y": 4.08211,
  "fwhm_z": 4.35082,
  "icvs_csf": 0.2554454066700267,
  "icvs_gm": 0.3934073134208843,
  "icvs_wm": 0.35114727990908906,
  "inu_med": 0.5820758640766144,
  "inu_range": 0.36549548506736745,
  "provenance": {
    "md5sum": "34f01db9c63fb10ce238440bdc7a4d2f",
    "settings": {
      "testing": false
    },
    "software": "mriqc",
    "version": "23.1.0",
    "warnings": {
      "large_rot_frame": true,
      "small_air_mask": false
    }
  },
  "qi_1": 0.0,
  "qi_2": 0.002746672037854997,
  "rpve_csf": 8.658470255793455,
  "rpve_gm": 8.579318395462172,
  "rpve_wm": 8.685556880537343,
  "size_x": 176,
  "size_y": 256,
  "size_z": 256,
  "snr_csf": 2.1011296336747365,
  "snr_gm": 5.897392283027364,
  "snr_total": 5.912606976586802,
  "snr_wm": 9.739299013058305,
  "snrd_csf": 7.1628201849100925,
  "snrd_gm": 10.746285802576038,
  "snrd_total": 11.076540186460356,
  "snrd_wm": 15.320514571894938,
  "spacing_x": 1.0,
  "spacing_y": 1.0,
  "spacing_z": 1.0,
  "summary_bg_k": 47.47770022798397,
  "summary_bg_mad": 0.0,
  "summary_bg_mean": 23.48327629789149,
  "summary_bg_median": 0.0,
  "summary_bg_n": 2589846.0,
  "summary_bg_p05": 0.0,
  "summary_bg_p95": 101.52960164472461,
  "summary_bg_stdv": 41.08271506939475,
  "summary_csf_k": 0.11542297116855726,
  "summary_csf_mad": 148.55324819391186,
  "summary_csf_mean": 440.17173537772584,
  "summary_csf_median": 449.17073871940374,
  "summary_csf_n": 335566.88040396175,
  "summary_csf_p05": 77.5113844126463,
  "summary_csf_p95": 758.8295787759125,
  "summary_csf_stdv": 213.77551496514613,
  "summary_gm_k": -0.503124157802572,
  "summary_gm_mad": 81.98457565418721,
  "summary_gm_mean": 678.5515876034094,
  "summary_gm_median": 673.8850072771311,
  "summary_gm_n": 516801.0911360029,
  "summary_gm_p05": 494.58622282370925,
  "summary_gm_p95": 885.6663896329701,
  "summary_gm_stdv": 114.26819227187852,
  "summary_wm_k": -0.16162651279165807,
  "summary_wm_mad": 69.3078619360961,
  "summary_wm_mean": 935.3806349683882,
  "summary_wm_median": 960.7286892831326,
  "summary_wm_n": 461286.02904824144,
  "summary_wm_p05": 734.2527983523905,
  "summary_wm_p95": 1056.6726590134203,
  "summary_wm_stdv": 98.64443494706013,
  "tpm_overlap_csf": 0.2262609525388059,
  "tpm_overlap_gm": 0.5314824871918792,
  "tpm_overlap_wm": 0.5439162674068666,
  "wm2max": 0.4690597559787804
}