{
  "aor": 0.000432638036809816,
  "aqi": 0.005778203312883435,
  "bids_meta": {
    "dataset": "ds001510",
    "modality": "bold",
    "run_id": 4,
    "subject_id": "16",
    "task_id": "perception"
  },
  "dummy_trs": 2,
  "dvars_nstd": 37.131890113319685,
  "dvars_std": 1.058407431905738,
  "dvars_vstd": 0.9860626315163932,
  "efc": 0.567664038128417,
  "fber": 274.4488525390625,
  "fd_mean": 0.1549079187582936,
  "fd_num": 116,
  "fd_perc": 23.721881390593047,
  "fwhm_avg": 2.938416666666667,
  "fwhm_x": 2.814905,
  "fwhm_y": 3.05406,
  "fwhm_z": 2.946285,
  "gcor": 0.0102627,
  "gsr_x": -0.003414975246414542,
  "gsr_y": 0.036953721195459366,
  "provenance": {
    "md5sum": "01705705cbb9cb9850a9adce0e4b933d",
    "settings": {
      "fd_thres": 0.2,
      "testing": false
    },
    "software": "mriqc",
    "version": "23.1.0"
  },
  "size_t": 489,
  "size_x": 96,
  "size_y": 96,
  "size_z": 60,
  "snr": 1.8341972119159489,
  "spacing_tr": 1.5,
  "spacing_x": 2.0,
  "spacing_y": 2.0,
  "spacing_z": 2.0,
  "summary_bg_k": 34.31781881702066,
  "summary_bg_mad": 9.31704620406929,
  "summary_bg_mean": 47.060099035846335,
  "summary_bg_median": 27.43149185180664,
  "summary_bg_n": 387919.0,
  "summary_bg_p05": 19.44989776611328,
  "summary_bg_p95": 150.65029907226562,
  "summary_bg_stdv": 55.550191300800165,
  "summary_fg_k": 5.227790992326534,
  "summary_fg_mad": 200.40598601827483,
  "summary_fg_mean": 502.67961482099815,
  "summary_fg_median": 454.4437561035156,
  "summary_fg_n": 165041.0,
  "summary_fg_p05": 208.62985229492188,
  "summary_fg_p95": 962.1860961914062,
  "summary_fg_stdv": 247.76091490540742,
  "tsnr": 35.02251617750153
}