{
  "aor": 0.0005532991803278689,
  "aqi": 0.004754487028688525,
  "bids_meta": {
    "dataset": "ds001510",
    "modality": "bold",
    "run_id": 2,
    "subject_id": "16",
    "task_id": "perception"
  },
  "dummy_trs": 1,
  "dvars_nstd": 36.299271115728956,
  "dvars_std": 1.0644441966324436,
  "dvars_vstd": 0.9908535245379876,
  "efc": 0.5651491928480138,
  "fber": 284.9454345703125,
  "fd_mean": 0.13357737662962887,
  "fd_num": 49,
  "fd_perc": 10.040983606557377,
  "fwhm_avg": 2.880715,
  "fwhm_x": 2.747425,
  "fwhm_y": 3.00185,
  "fwhm_z": 2.89287,
  "gcor": 0.00814201,
  "gsr_x": -0.0038416190072894096,
  "gsr_y": 0.04235639423131943,
  "provenance": {
    "md5sum": "b2f260e0074065a462ff5f8c745e36e4",
    "settings": {
      "fd_thres": 0.2,
      "testing": false
    },
    "software": "mriqc",
    "version": "23.1.0"
  },
  "size_t": 488,
  "size_x": 96,
  "size_y": 96,
  "size_z": 60,
  "snr": 1.8764275265140447,
  "spacing_tr": 1.5,
  "spacing_x": 2.0,
  "spacing_y": 2.0,
  "spacing_z": 2.0,
  "summary_bg_k": 36.02263979417638,
  "summary_bg_mad": 8.840925726531049,
  "summary_bg_mean": 45.725010210481784,
  "summary_bg_median": 26.780736923217773,
  "summary_bg_n": 390305.0,
  "summary_bg_p05": 19.106555938720703,
  "summary_bg_p95": 146.0819549560547,
  "summary_bg_stdv": 55.043549422439256,
  "summary_fg_k": 4.761629404503111,
  "summary_fg_mad": 195.40573267428286,
  "summary_fg_mean": 498.75236764545906,
  "summary_fg_median": 452.0675964355469,
  "summary_fg_n": 162655.0,
  "summary_fg_p05": 210.0696563720703,
  "summary_fg_p95": 947.2868041992188,
  "summary_fg_stdv": 240.91855421751166,
  "tsnr": 38.15654876176268
}