{
  "aor": 0.0009697177419354838,
  "aqi": 0.00559949560483871,
  "bids_meta": {
    "dataset": "ds001510",
    "modality": "bold",
    "run_id": 2,
    "subject_id": "28",
    "task_id": "perception"
  },
  "dummy_trs": 1,
  "dvars_nstd": 34.92992957163637,
  "dvars_std": 1.103618240848484,
  "dvars_vstd": 1.0027409067878792,
  "efc": 0.5981364069199958,
  "fber": 258.8533020019531,
  "fd_mean": 0.11407262902097855,
  "fd_num": 31,
  "fd_perc": 6.25,
  "fwhm_avg": 2.8925133333333335,
  "fwhm_x": 2.5719,
  "fwhm_y": 3.15011,
  "fwhm_z": 2.95553,
  "gcor": 0.0175855,
  "gsr_x": -0.01916903257369995,
  "gsr_y": 0.08934413641691208,
  "provenance": {
    "md5sum": "1b8475f3b8248106f61781629cc9b589",
    "settings": {
      "fd_thres": 0.2,
      "testing": false
    },
    "software": "mriqc",
    "version": "23.1.0"
  },
  "size_t": 496,
  "size_x": 96,
  "size_y": 96,
  "size_z": 60,
  "snr": 1.8279284644976257,
  "spacing_tr": 1.5,
  "spacing_x": 2.0,
  "spacing_y": 2.0,
  "spacing_z": 2.0,
  "summary_bg_k": 35.79582763663172,
  "summary_bg_mad": 11.60375301516279,
  "summary_bg_mean": 61.29196990522228,
  "summary_bg_median": 29.725805282592773,
  "summary_bg_n": 372830.0,
  "summary_bg_p05": 19.983869552612305,
  "summary_bg_p95": 209.5261993408203,
  "summary_bg_stdv": 80.20735078012578,
  "summary_fg_k": 5.097281987792323,
  "summary_fg_mad": 209.07532693872167,
  "summary_fg_mean": 526.9002184726764,
  "summary_fg_median": 478.25604248046875,
  "summary_fg_n": 180130.0,
  "summary_fg_p05": 215.04031372070312,
  "summary_fg_p95": 1000.2156982421875,
  "summary_fg_stdv": 261.637544486639,
  "tsnr": 40.71544499415904
}