{
  "aor": 0.005100479999999999,
  "aqi": 0.01176487264,
  "bids_meta": {
    "dataset": "ds001510",
    "modality": "bold",
    "run_id": 1,
    "subject_id": "28",
    "task_id": "schemarecall"
  },
  "dummy_trs": 0,
  "dvars_nstd": 69.27659702298386,
  "dvars_std": 1.2596018330645158,
  "dvars_vstd": 1.0362630642741937,
  "efc": 0.6050716354217797,
  "fber": 237.1226043701172,
  "fd_mean": 0.41182689984441334,
  "fd_num": 92,
  "fd_perc": 73.6,
  "fwhm_avg": 2.9004216666666665,
  "fwhm_x": 2.541015,
  "fwhm_y": 3.160565,
  "fwhm_z": 2.999685,
  "gcor": 0.0106589,
  "gsr_x": -0.016388000920414925,
  "gsr_y": 0.09143424034118652,
  "provenance": {
    "md5sum": "eac35a80acd49e5cb3eb65ea46ea9dec",
    "settings": {
      "fd_thres": 0.2,
      "testing": false
    },
    "software": "mriqc",
    "version": "23.1.0"
  },
  "size_t": 125,
  "size_x": 96,
  "size_y": 96,
  "size_z": 60,
  "snr": 1.886196249542143,
  "spacing_tr": 1.5,
  "spacing_x": 2.0,
  "spacing_y": 2.0,
  "spacing_z": 2.0,
  "summary_bg_k": 30.903911356503407,
  "summary_bg_mad": 12.192922024975656,
  "summary_bg_mean": 63.26631881658574,
  "summary_bg_median": 30.312002182006836,
  "summary_bg_n": 374619.0,
  "summary_bg_p05": 19.84000015258789,
  "summary_bg_p95": 217.4400177001953,
  "summary_bg_stdv": 82.863711851901,
  "summary_fg_k": 4.586224695541748,
  "summary_fg_mad": 201.40857948018478,
  "summary_fg_mean": 510.97319117060096,
  "summary_fg_median": 466.7680358886719,
  "summary_fg_n": 178341.0,
  "summary_fg_p05": 209.6640167236328,
  "summary_fg_p95": 960.52001953125,
  "summary_fg_stdv": 247.46456120935045,
  "tsnr": 28.914053871994838
}