{
  "aor": 0.0005010251450676982,
  "aqi": 0.005568759729206963,
  "bids_meta": {
    "dataset": "ds001510",
    "modality": "bold",
    "run_id": 1,
    "subject_id": "28",
    "task_id": "perception"
  },
  "dummy_trs": 1,
  "dvars_nstd": 34.81727624110465,
  "dvars_std": 1.0854325982751942,
  "dvars_vstd": 0.987610089844961,
  "efc": 0.5957812130736801,
  "fber": 262.6537170410156,
  "fd_mean": 0.11140985910476607,
  "fd_num": 21,
  "fd_perc": 4.061895551257253,
  "fwhm_avg": 2.8737133333333333,
  "fwhm_x": 2.57233,
  "fwhm_y": 3.138745,
  "fwhm_z": 2.910065,
  "gcor": 0.0231837,
  "gsr_x": -0.017104793339967728,
  "gsr_y": 0.08664596080780029,
  "provenance": {
    "md5sum": "80385a572a33b8bbff5c122700c8e9b4",
    "settings": {
      "fd_thres": 0.2,
      "testing": false
    },
    "software": "mriqc",
    "version": "23.1.0"
  },
  "size_t": 517,
  "size_x": 96,
  "size_y": 96,
  "size_z": 60,
  "snr": 1.8225885753353452,
  "spacing_tr": 1.5,
  "spacing_x": 2.0,
  "spacing_y": 2.0,
  "spacing_z": 2.0,
  "summary_bg_k": 37.143379256617045,
  "summary_bg_mad": 11.938243988475044,
  "summary_bg_mean": 60.425309386570994,
  "summary_bg_median": 29.678916931152344,
  "summary_bg_n": 373192.0,
  "summary_bg_p05": 19.64023208618164,
  "summary_bg_p95": 205.33462524414062,
  "summary_bg_stdv": 78.88746671000473,
  "summary_fg_k": 5.18131617491891,
  "summary_fg_mad": 210.73167160470842,
  "summary_fg_mean": 530.561193365086,
  "summary_fg_median": 480.99420166015625,
  "summary_fg_n": 179768.0,
  "summary_fg_p05": 217.1179962158203,
  "summary_fg_p95": 1010.3578491210938,
  "summary_fg_stdv": 263.90644073388364,
  "tsnr": 39.1472430631984
}