{
  "aor": 0.0049929013539651845,
  "aqi": 0.006759524235976789,
  "bids_meta": {
    "dataset": "ds001510",
    "modality": "bold",
    "run_id": 1,
    "subject_id": "02",
    "task_id": "perception"
  },
  "dummy_trs": 3,
  "dvars_nstd": 44.438340919069795,
  "dvars_std": 1.1557455119961253,
  "dvars_vstd": 1.0070953745930233,
  "efc": 0.550527852692086,
  "fber": 332.1329345703125,
  "fd_mean": 0.16684817267368685,
  "fd_num": 61,
  "fd_perc": 11.798839458413926,
  "fwhm_avg": 2.943141666666667,
  "fwhm_x": 2.834475,
  "fwhm_y": 3.01106,
  "fwhm_z": 2.98389,
  "gcor": 0.0122611,
  "gsr_x": -0.007815747521817684,
  "gsr_y": 0.0616447739303112,
  "provenance": {
    "md5sum": "8d02f2ff73f75522984adfe84a5835e8",
    "settings": {
      "fd_thres": 0.2,
      "testing": false
    },
    "software": "mriqc",
    "version": "23.1.0"
  },
  "size_t": 517,
  "size_x": 96,
  "size_y": 96,
  "size_z": 60,
  "snr": 1.5310291469188015,
  "spacing_tr": 1.5,
  "spacing_x": 2.0,
  "spacing_y": 2.0,
  "spacing_z": 2.0,
  "summary_bg_k": 37.61809089064464,
  "summary_bg_mad": 9.325770088354435,
  "summary_bg_mean": 51.330866441831006,
  "summary_bg_median": 28.72727394104004,
  "summary_bg_n": 380068.0,
  "summary_bg_p05": 20.912960052490234,
  "summary_bg_p95": 165.44680786132812,
  "summary_bg_stdv": 60.4481326460829,
  "summary_fg_k": 6.533749931696333,
  "summary_fg_mad": 252.8811821547681,
  "summary_fg_mean": 602.7257825945962,
  "summary_fg_median": 523.5406188964844,
  "summary_fg_n": 172892.0,
  "summary_fg_p05": 236.7079315185547,
  "summary_fg_p95": 1251.5396728515625,
  "summary_fg_stdv": 341.95240886141426,
  "tsnr": 33.92341214977205
}