{
  "aor": 0.0015627360308285165,
  "aqi": 0.006869785722543352,
  "bids_meta": {
    "dataset": "ds001510",
    "modality": "bold",
    "run_id": 4,
    "subject_id": "20",
    "task_id": "perception"
  },
  "dummy_trs": 0,
  "dvars_nstd": 39.5150710774517,
  "dvars_std": 1.1091804860231673,
  "dvars_vstd": 1.000599055057915,
  "efc": 0.5870375782654682,
  "fber": 293.7184753417969,
  "fd_mean": 0.18534297599187538,
  "fd_num": 171,
  "fd_perc": 32.947976878612714,
  "fwhm_avg": 2.813515,
  "fwhm_x": 2.638125,
  "fwhm_y": 3.00488,
  "fwhm_z": 2.79754,
  "gcor": 0.0269157,
  "gsr_x": 0.010371668264269829,
  "gsr_y": 0.055241916328668594,
  "provenance": {
    "md5sum": "7e6ae2098524e6465a177f1e068bc479",
    "settings": {
      "fd_thres": 0.2,
      "testing": false
    },
    "software": "mriqc",
    "version": "23.1.0"
  },
  "size_t": 519,
  "size_x": 96,
  "size_y": 96,
  "size_z": 60,
  "snr": 1.9883158042906857,
  "spacing_tr": 1.5,
  "spacing_x": 2.0,
  "spacing_y": 2.0,
  "spacing_z": 2.0,
  "summary_bg_k": 21.15838451538214,
  "summary_bg_mad": 10.326794099444864,
  "summary_bg_mean": 51.948516165419704,
  "summary_bg_median": 28.173410415649414,
  "summary_bg_n": 379559.0,
  "summary_bg_p05": 19.657033920288086,
  "summary_bg_p95": 169.3872833251953,
  "summary_bg_stdv": 60.80715895109405,
  "summary_fg_k": 4.213125014791796,
  "summary_fg_mad": 199.8027739584263,
  "summary_fg_mean": 527.5445499836833,
  "summary_fg_median": 482.8420104980469,
  "summary_fg_n": 173401.0,
  "summary_fg_p05": 233.47976684570312,
  "summary_fg_p95": 979.0462646484375,
  "summary_fg_stdv": 242.83899830405346,
  "tsnr": 36.912699739448726
}