{
  "aor": 0.0022172817460317457,
  "aqi": 0.008072088988095237,
  "bids_meta": {
    "dataset": "ds001510",
    "modality": "bold",
    "run_id": 3,
    "subject_id": "20",
    "task_id": "perception"
  },
  "dummy_trs": 0,
  "dvars_nstd": 41.460813139423436,
  "dvars_std": 1.1597226051292235,
  "dvars_vstd": 1.0190452233399612,
  "efc": 0.5859102355417805,
  "fber": 296.2746887207031,
  "fd_mean": 0.1938837429599731,
  "fd_num": 195,
  "fd_perc": 38.69047619047619,
  "fwhm_avg": 2.788531666666666,
  "fwhm_x": 2.633175,
  "fwhm_y": 2.9679,
  "fwhm_z": 2.76452,
  "gcor": 0.0229978,
  "gsr_x": 0.01117255911231041,
  "gsr_y": 0.05362629145383835,
  "provenance": {
    "md5sum": "fab45923ca544c81e1c20197d48970dd",
    "settings": {
      "fd_thres": 0.2,
      "testing": false
    },
    "software": "mriqc",
    "version": "23.1.0"
  },
  "size_t": 504,
  "size_x": 96,
  "size_y": 96,
  "size_z": 60,
  "snr": 1.9999282813906758,
  "spacing_tr": 1.5,
  "spacing_x": 2.0,
  "spacing_y": 2.0,
  "spacing_z": 2.0,
  "summary_bg_k": 19.899054943734846,
  "summary_bg_mad": 10.687091934340986,
  "summary_bg_mean": 53.08094782817523,
  "summary_bg_median": 28.287700653076172,
  "summary_bg_n": 382270.0,
  "summary_bg_p05": 19.545635223388672,
  "summary_bg_p95": 176.84921264648438,
  "summary_bg_stdv": 63.37222684567374,
  "summary_fg_k": 4.414297459556547,
  "summary_fg_mad": 199.63649700673537,
  "summary_fg_mean": 533.173709916898,
  "summary_fg_median": 486.90577697753906,
  "summary_fg_n": 170690.0,
  "summary_fg_p05": 240.3551788330078,
  "summary_fg_p95": 987.4702758789062,
  "summary_fg_stdv": 243.46090568313105,
  "tsnr": 34.6270986655727
}