{
  "aor": 0.0017305476673427995,
  "aqi": 0.00717282985801217,
  "bids_meta": {
    "dataset": "ds001510",
    "modality": "bold",
    "run_id": 1,
    "subject_id": "20",
    "task_id": "perception"
  },
  "dummy_trs": 1,
  "dvars_nstd": 38.55707441487809,
  "dvars_std": 1.1048366977235768,
  "dvars_vstd": 0.9982511441869913,
  "efc": 0.5831277816833685,
  "fber": 301.6198425292969,
  "fd_mean": 0.17794112692630118,
  "fd_num": 145,
  "fd_perc": 29.41176470588235,
  "fwhm_avg": 2.801463333333333,
  "fwhm_x": 2.644135,
  "fwhm_y": 3.01874,
  "fwhm_z": 2.741515,
  "gcor": 0.0183812,
  "gsr_x": 0.004483556840568781,
  "gsr_y": 0.052939996123313904,
  "provenance": {
    "md5sum": "174d26838ec09b7bef9a5b5bd28bca92",
    "settings": {
      "fd_thres": 0.2,
      "testing": false
    },
    "software": "mriqc",
    "version": "23.1.0"
  },
  "size_t": 493,
  "size_x": 96,
  "size_y": 96,
  "size_z": 60,
  "snr": 1.9460140697348678,
  "spacing_tr": 1.5,
  "spacing_x": 2.0,
  "spacing_y": 2.0,
  "spacing_z": 2.0,
  "summary_bg_k": 21.420023161571564,
  "summary_bg_mad": 10.555648307325724,
  "summary_bg_mean": 51.556200528967516,
  "summary_bg_median": 28.174442291259766,
  "summary_bg_n": 379456.0,
  "summary_bg_p05": 19.257606506347656,
  "summary_bg_p95": 169.57403564453125,
  "summary_bg_stdv": 60.32755252384536,
  "summary_fg_k": 4.6019731681662215,
  "summary_fg_mad": 203.67587317438444,
  "summary_fg_mean": 537.1914806079432,
  "summary_fg_median": 489.3113555908203,
  "summary_fg_n": 173504.0,
  "summary_fg_p05": 237.97767639160156,
  "summary_fg_p95": 1008.2981567382812,
  "summary_fg_stdv": 251.44214171523578,
  "tsnr": 36.49579389044084
}