{
  "bids_meta": {
    "dataset": "ds001510",
    "modality": "T1w",
    "subject_id": "05"
  },
  "cjv": 0.49251657667641113,
  "cnr": 2.1506160626459616,
  "efc": 0.5491083800614948,
  "fber": 8883.35888612001,
  "fwhm_avg": 4.210386666666667,
  "fwhm_x": 4.11057,
  "fwhm_y": 4.17865,
  "fwhm_z": 4.34194,
  "icvs_csf": 0.2583099770338511,
  "icvs_gm": 0.3932267046186737,
  "icvs_wm": 0.3484633183474751,
  "inu_med": 0.5619306564331055,
  "inu_range": 0.29374251961708064,
  "provenance": {
    "md5sum": "c391ee5dfca0fe1e62277de784076894",
    "settings": {
      "testing": false
    },
    "software": "mriqc",
    "version": "23.1.0",
    "warnings": {
      "large_rot_frame": true,
      "small_air_mask": false
    }
  },
  "qi_1": 0.0,
  "qi_2": 0.002237182825943333,
  "rpve_csf": 7.412588362207575,
  "rpve_gm": 7.3543910558654675,
  "rpve_wm": 7.4564228078090355,
  "size_x": 176,
  "size_y": 256,
  "size_z": 256,
  "snr_csf": 2.1171950469340612,
  "snr_gm": 6.351021823778278,
  "snr_total": 6.806897711384457,
  "snr_wm": 11.952476263441032,
  "snrd_csf": 25.673575080649776,
  "snrd_gm": 38.68238929117434,
  "snrd_total": 39.84497476167411,
  "snrd_wm": 55.17895991319823,
  "spacing_x": 1.0,
  "spacing_y": 1.0,
  "spacing_z": 1.0,
  "summary_bg_k": 2083.453315177445,
  "summary_bg_mad": 0.0,
  "summary_bg_mean": 7.547998461798839,
  "summary_bg_median": 0.0,
  "summary_bg_n": 4097586.0,
  "summary_bg_p05": 0.0,
  "summary_bg_p95": 28.97862097620964,
  "summary_bg_stdv": 11.533576896962138,
  "summary_csf_k": -0.1607187394891958,
  "summary_csf_mad": 154.01219477079928,
  "summary_csf_mean": 444.0137384346461,
  "summary_csf_median": 451.9793930128217,
  "summary_csf_n": 395750.7749989687,
  "summary_csf_p05": 92.79492837190628,
  "summary_csf_p95": 764.4892755076289,
  "summary_csf_stdv": 213.48001102994172,
  "summary_gm_k": -0.5909943169518272,
  "summary_gm_mad": 81.81897847198712,
  "summary_gm_mean": 687.215505221244,
  "summary_gm_median": 680.9975929409266,
  "summary_gm_n": 602453.590411403,
  "summary_gm_p05": 518.3293503299356,
  "summary_gm_p95": 878.622286811471,
  "summary_gm_stdv": 107.2263718578745,
  "summary_wm_k": -0.2432481883078208,
  "summary_wm_mad": 61.21749967452121,
  "summary_wm_mean": 953.9430521803183,
  "summary_wm_median": 971.4172151833773,
  "summary_wm_n": 533872.6358086178,
  "summary_wm_p05": 791.3697176426649,
  "summary_wm_p95": 1058.1551367118955,
  "summary_wm_stdv": 81.27322606534209,
  "tpm_overlap_csf": 0.20763749049107655,
  "tpm_overlap_gm": 0.5197783873218421,
  "tpm_overlap_wm": 0.5305623726685994,
  "wm2max": 0.5217206512067769
}