{
  "aor": 0.004288974358974359,
  "aqi": 0.006183381730769231,
  "bids_meta": {
    "dataset": "ds001510",
    "modality": "bold",
    "run_id": 1,
    "subject_id": "09",
    "task_id": "schemarecall"
  },
  "dummy_trs": 0,
  "dvars_nstd": 50.26643120535485,
  "dvars_std": 1.2390681152258065,
  "dvars_vstd": 1.0409090563870982,
  "efc": 0.5839775345107734,
  "fber": 168.07444763183594,
  "fd_mean": 0.23456095961885481,
  "fd_num": 85,
  "fd_perc": 54.48717948717949,
  "fwhm_avg": 3.0562350000000005,
  "fwhm_x": 2.872535,
  "fwhm_y": 3.13777,
  "fwhm_z": 3.1584,
  "gcor": 0.0109599,
  "gsr_x": 0.018688956275582314,
  "gsr_y": 0.026593077927827835,
  "provenance": {
    "md5sum": "ba8114b478c195fbb0239b9942abf6c2",
    "settings": {
      "fd_thres": 0.2,
      "testing": false
    },
    "software": "mriqc",
    "version": "23.1.0"
  },
  "size_t": 156,
  "size_x": 96,
  "size_y": 96,
  "size_z": 60,
  "snr": 1.6326705316193708,
  "spacing_tr": 1.5,
  "spacing_x": 2.0,
  "spacing_y": 2.0,
  "spacing_z": 2.0,
  "summary_bg_k": 36.67131196884841,
  "summary_bg_mad": 13.894639372763077,
  "summary_bg_mean": 66.22000168079043,
  "summary_bg_median": 40.82051467895508,
  "summary_bg_n": 378676.0,
  "summary_bg_p05": 28.0256404876709,
  "summary_bg_p95": 193.30128479003906,
  "summary_bg_stdv": 70.5349942588845,
  "summary_fg_k": 4.958663933136878,
  "summary_fg_mad": 254.34231541719825,
  "summary_fg_mean": 601.515127146379,
  "summary_fg_median": 529.2115478515625,
  "summary_fg_n": 174284.0,
  "summary_fg_p05": 236.46795654296875,
  "summary_fg_p95": 1220.679443359375,
  "summary_fg_stdv": 324.13767465975,
  "tsnr": 37.313144244253635
}