{
  "aor": 0.006797490039840638,
  "aqi": 0.009604617171314738,
  "bids_meta": {
    "dataset": "ds001510",
    "modality": "bold",
    "run_id": 3,
    "subject_id": "09",
    "task_id": "perception"
  },
  "dummy_trs": 3,
  "dvars_nstd": 43.44685839660675,
  "dvars_std": 1.1566881414570847,
  "dvars_vstd": 1.047005961437125,
  "efc": 0.5889723152867701,
  "fber": 128.79136657714844,
  "fd_mean": 0.25121712489639214,
  "fd_num": 163,
  "fd_perc": 32.47011952191235,
  "fwhm_avg": 3.0663300000000002,
  "fwhm_x": 2.88794,
  "fwhm_y": 3.142145,
  "fwhm_z": 3.168905,
  "gcor": 0.0360989,
  "gsr_x": 0.014475887641310692,
  "gsr_y": 0.025071660056710243,
  "provenance": {
    "md5sum": "89e0f5a2e4a45b0b84fc672f382bf846",
    "settings": {
      "fd_thres": 0.2,
      "testing": false
    },
    "software": "mriqc",
    "version": "23.1.0"
  },
  "size_t": 502,
  "size_x": 96,
  "size_y": 96,
  "size_z": 60,
  "snr": 1.636944949678042,
  "spacing_tr": 1.5,
  "spacing_x": 2.0,
  "spacing_y": 2.0,
  "spacing_z": 2.0,
  "summary_bg_k": 39.36625400393743,
  "summary_bg_mad": 18.511853398091922,
  "summary_bg_mean": 66.94421097254492,
  "summary_bg_median": 46.47410583496094,
  "summary_bg_n": 376988.0,
  "summary_bg_p05": 27.784860610961914,
  "summary_bg_p95": 183.0438232421875,
  "summary_bg_stdv": 64.99577281539773,
  "summary_fg_k": 4.978754203824874,
  "summary_fg_mad": 254.00195667730847,
  "summary_fg_mean": 598.9910709245947,
  "summary_fg_median": 527.4173583984375,
  "summary_fg_n": 175972.0,
  "summary_fg_p05": 234.20518493652344,
  "summary_fg_p95": 1212.0179443359375,
  "summary_fg_stdv": 322.1952332098051,
  "tsnr": 29.447801129426807
}