{
  "aor": 0.0028551724137931035,
  "aqi": 0.005471240223123732,
  "bids_meta": {
    "dataset": "ds001510",
    "modality": "bold",
    "run_id": 2,
    "subject_id": "09",
    "task_id": "perception"
  },
  "dummy_trs": 2,
  "dvars_nstd": 36.29021068487802,
  "dvars_std": 1.1441367716666668,
  "dvars_vstd": 1.0235848382520327,
  "efc": 0.5741540303135511,
  "fber": 221.88510131835938,
  "fd_mean": 0.1464507442550297,
  "fd_num": 65,
  "fd_perc": 13.184584178498985,
  "fwhm_avg": 3.0392999999999994,
  "fwhm_x": 2.860395,
  "fwhm_y": 3.157415,
  "fwhm_z": 3.10009,
  "gcor": 0.02019,
  "gsr_x": 0.014218739233911037,
  "gsr_y": 0.03173818066716194,
  "provenance": {
    "md5sum": "b80dc6fb0005a016ca340d4f1cfaacc6",
    "settings": {
      "fd_thres": 0.2,
      "testing": false
    },
    "software": "mriqc",
    "version": "23.1.0"
  },
  "size_t": 493,
  "size_x": 96,
  "size_y": 96,
  "size_z": 60,
  "snr": 1.642087056333837,
  "spacing_tr": 1.5,
  "spacing_x": 2.0,
  "spacing_y": 2.0,
  "spacing_z": 2.0,
  "summary_bg_k": 36.92833844320626,
  "summary_bg_mad": 14.88917632046611,
  "summary_bg_mean": 59.774988003435354,
  "summary_bg_median": 35.52941131591797,
  "summary_bg_n": 377793.0,
  "summary_bg_p05": 22.685598373413086,
  "summary_bg_p95": 182.34278869628906,
  "summary_bg_stdv": 66.98047816203417,
  "summary_fg_k": 4.86527697749516,
  "summary_fg_mad": 254.12642685257424,
  "summary_fg_mean": 600.6436367433631,
  "summary_fg_median": 529.2393188476562,
  "summary_fg_n": 175167.0,
  "summary_fg_p05": 236.1602325439453,
  "summary_fg_p95": 1212.4117431640625,
  "summary_fg_stdv": 322.2958284296822,
  "tsnr": 39.697041222592816
}