{
  "aor": 0.002313157894736842,
  "aqi": 0.01798541194331984,
  "bids_meta": {
    "dataset": "ds001510",
    "modality": "bold",
    "run_id": 2,
    "subject_id": "13",
    "task_id": "perception"
  },
  "dummy_trs": 1,
  "dvars_nstd": 45.00025294614609,
  "dvars_std": 1.0752626499594327,
  "dvars_vstd": 0.9643174723326562,
  "efc": 0.6479831600397236,
  "fber": 137.97337341308594,
  "fd_mean": 0.19500442218899636,
  "fd_num": 129,
  "fd_perc": 26.11336032388664,
  "fwhm_avg": 3.071896666666666,
  "fwhm_x": 2.66044,
  "fwhm_y": 3.36995,
  "fwhm_z": 3.1853,
  "gcor": 0.0147598,
  "gsr_x": -0.006765882950276136,
  "gsr_y": 0.08663250505924225,
  "provenance": {
    "md5sum": "34dc52b7522e5c1fe643b490be287517",
    "settings": {
      "fd_thres": 0.2,
      "testing": false
    },
    "software": "mriqc",
    "version": "23.1.0"
  },
  "size_t": 494,
  "size_x": 96,
  "size_y": 96,
  "size_z": 60,
  "snr": 1.9716885551883123,
  "spacing_tr": 1.5,
  "spacing_x": 2.0,
  "spacing_y": 2.0,
  "spacing_z": 2.0,
  "summary_bg_k": 15.769307353553021,
  "summary_bg_mad": 20.46531065733222,
  "summary_bg_mean": 81.36725448778293,
  "summary_bg_median": 39.091094970703125,
  "summary_bg_n": 358123.0,
  "summary_bg_p05": 20.15991973876953,
  "summary_bg_p95": 291.1882629394531,
  "summary_bg_stdv": 107.12480679645451,
  "summary_fg_k": 1.4529481830184778,
  "summary_fg_mad": 211.48093590947076,
  "summary_fg_mean": 497.1853337244927,
  "summary_fg_median": 459.1720886230469,
  "summary_fg_n": 194837.0,
  "summary_fg_p05": 194.5809783935547,
  "summary_fg_p95": 933.6741333007812,
  "summary_fg_stdv": 232.88206905901086,
  "tsnr": 25.886726893717423
}