{
  "aor": 0.005446283185840708,
  "aqi": 0.01510541424778761,
  "bids_meta": {
    "dataset": "ds001510",
    "modality": "bold",
    "run_id": 1,
    "subject_id": "13",
    "task_id": "schemarecall"
  },
  "dummy_trs": 0,
  "dvars_nstd": 61.4513708869643,
  "dvars_std": 1.1982985239285713,
  "dvars_vstd": 1.0369906587500002,
  "efc": 0.6579241061161425,
  "fber": 104.61925506591797,
  "fd_mean": 0.34723903822778956,
  "fd_num": 81,
  "fd_perc": 71.68141592920354,
  "fwhm_avg": 3.0819466666666666,
  "fwhm_x": 2.676295,
  "fwhm_y": 3.422245,
  "fwhm_z": 3.1473,
  "gcor": 0.0191446,
  "gsr_x": 0.000606026966124773,
  "gsr_y": 0.07803411036729813,
  "provenance": {
    "md5sum": "8e0b363f2fb620a8f93a644ada13af2b",
    "settings": {
      "fd_thres": 0.2,
      "testing": false
    },
    "software": "mriqc",
    "version": "23.1.0"
  },
  "size_t": 113,
  "size_x": 96,
  "size_y": 96,
  "size_z": 60,
  "snr": 1.927594602408464,
  "spacing_tr": 1.5,
  "spacing_x": 2.0,
  "spacing_y": 2.0,
  "spacing_z": 2.0,
  "summary_bg_k": 15.391248374018726,
  "summary_bg_mad": 22.00286344939663,
  "summary_bg_mean": 89.56356752025357,
  "summary_bg_median": 45.69026565551758,
  "summary_bg_n": 354715.0,
  "summary_bg_p05": 19.12389373779297,
  "summary_bg_p95": 312.3628234863281,
  "summary_bg_stdv": 113.50462837288946,
  "summary_fg_k": 1.5648256999734036,
  "summary_fg_mad": 221.93109167117012,
  "summary_fg_mean": 508.21447689323674,
  "summary_fg_median": 467.3362731933594,
  "summary_fg_n": 198245.0,
  "summary_fg_p05": 195.49557495117188,
  "summary_fg_p95": 962.389404296875,
  "summary_fg_stdv": 242.4446996916892,
  "tsnr": 26.923567194491625
}