{
  "aor": 0.001782004048582996,
  "aqi": 0.006946475445344129,
  "bids_meta": {
    "dataset": "ds001510",
    "modality": "bold",
    "run_id": 1,
    "subject_id": "17",
    "task_id": "perception"
  },
  "dummy_trs": 1,
  "dvars_nstd": 32.93685072770791,
  "dvars_std": 1.1137641000202843,
  "dvars_vstd": 0.9931633101014194,
  "efc": 0.5712080020153617,
  "fber": 319.6629638671875,
  "fd_mean": 0.07381066229077819,
  "fd_num": 2,
  "fd_perc": 0.4048582995951417,
  "fwhm_avg": 2.8688000570455228,
  "fwhm_x": 2.698965,
  "fwhm_y": 3.03624,
  "fwhm_z": 2.8711951711365686,
  "gcor": 0.00946174,
  "gsr_x": 0.011781727895140648,
  "gsr_y": 0.03649426996707916,
  "provenance": {
    "md5sum": "8d3131f45bdbddc3d65042b7a368e1cc",
    "settings": {
      "fd_thres": 0.2,
      "testing": false
    },
    "software": "mriqc",
    "version": "23.1.0"
  },
  "size_t": 494,
  "size_x": 96,
  "size_y": 96,
  "size_z": 60,
  "snr": 1.9028698031459577,
  "spacing_tr": 1.5,
  "spacing_x": 2.0,
  "spacing_y": 2.0,
  "spacing_z": 1.9999998807907104,
  "summary_bg_k": 45.01091701067922,
  "summary_bg_mad": 10.330198817979488,
  "summary_bg_mean": 47.50582722019668,
  "summary_bg_median": 27.078948974609375,
  "summary_bg_n": 382152.0,
  "summary_bg_p05": 16.763158798217773,
  "summary_bg_p95": 156.9777374267578,
  "summary_bg_stdv": 57.550504986101174,
  "summary_fg_k": 3.3091680257663336,
  "summary_fg_mad": 209.1099396919308,
  "summary_fg_mean": 533.1182687158417,
  "summary_fg_median": 484.1477966308594,
  "summary_fg_n": 170808.0,
  "summary_fg_p05": 224.64373779296875,
  "summary_fg_p95": 1019.1478271484375,
  "summary_fg_stdv": 254.42958766819172,
  "tsnr": 36.66432810621336
}