{
  "aor": 0.004731058823529412,
  "aqi": 0.007375833882352941,
  "bids_meta": {
    "dataset": "ds001510",
    "modality": "bold",
    "run_id": 1,
    "subject_id": "17",
    "task_id": "schemarecall"
  },
  "dummy_trs": 1,
  "dvars_nstd": 56.28131076285714,
  "dvars_std": 1.3238357479761904,
  "dvars_vstd": 1.0575514448809524,
  "efc": 0.5761368862274286,
  "fber": 282.6317443847656,
  "fd_mean": 0.2619282311397426,
  "fd_num": 43,
  "fd_perc": 50.588235294117645,
  "fwhm_avg": 2.8118750554396743,
  "fwhm_x": 2.65827,
  "fwhm_y": 2.986985,
  "fwhm_z": 2.7903701663190223,
  "gcor": 0.0258502,
  "gsr_x": 0.01453913003206253,
  "gsr_y": 0.032303061336278915,
  "provenance": {
    "md5sum": "92b52ac73c9964894a89badb73e19ebd",
    "settings": {
      "fd_thres": 0.2,
      "testing": false
    },
    "software": "mriqc",
    "version": "23.1.0"
  },
  "size_t": 85,
  "size_x": 96,
  "size_y": 96,
  "size_z": 60,
  "snr": 1.9421646093843687,
  "spacing_tr": 1.5,
  "spacing_x": 2.0,
  "spacing_y": 2.0,
  "spacing_z": 1.9999998807907104,
  "summary_bg_k": 38.89099397261995,
  "summary_bg_mad": 9.48865363286799,
  "summary_bg_mean": 48.465769775030104,
  "summary_bg_median": 27.858823776245117,
  "summary_bg_n": 384924.0,
  "summary_bg_p05": 19.57647132873535,
  "summary_bg_p95": 158.0,
  "summary_bg_stdv": 56.57327127283407,
  "summary_fg_k": 2.9955289873109727,
  "summary_fg_mad": 200.27337166578337,
  "summary_fg_mean": 513.1330751455849,
  "summary_fg_median": 468.3529357910156,
  "summary_fg_n": 168036.0,
  "summary_fg_p05": 218.0823516845703,
  "summary_fg_p95": 975.2470703125,
  "summary_fg_stdv": 241.14925167361832,
  "tsnr": 37.67574173596222
}