{
  "bids_meta": {
    "dataset": "ds001510",
    "modality": "T1w",
    "subject_id": "21"
  },
  "cjv": 0.6207302054173802,
  "cnr": 1.4627627602555668,
  "efc": 0.5964311573741139,
  "fber": 2678.25705240545,
  "fwhm_avg": 4.1628300000000005,
  "fwhm_x": 4.04479,
  "fwhm_y": 4.1733,
  "fwhm_z": 4.2704,
  "icvs_csf": 0.26227272388179595,
  "icvs_gm": 0.3829059989356483,
  "icvs_wm": 0.3548212771825558,
  "inu_med": 0.6945944726467133,
  "inu_range": 0.44774967432022084,
  "provenance": {
    "md5sum": "406af0a190ed25c21404cab5c9b2eed4",
    "settings": {
      "testing": false
    },
    "software": "mriqc",
    "version": "23.1.0",
    "warnings": {
      "large_rot_frame": true,
      "small_air_mask": false
    }
  },
  "qi_1": 0.0,
  "qi_2": 0.0006050465732143409,
  "rpve_csf": 5.666631939033195,
  "rpve_gm": 5.543365330209355,
  "rpve_wm": 5.646142686272266,
  "size_x": 176,
  "size_y": 256,
  "size_z": 256,
  "snr_csf": 1.9360471895649864,
  "snr_gm": 4.881116123951076,
  "snr_total": 4.83825579011954,
  "snr_wm": 7.6976040568425566,
  "snrd_csf": 18.894154039490093,
  "snrd_gm": 31.941214521204046,
  "snrd_total": 31.905612590515577,
  "snrd_wm": 44.8814692108526,
  "spacing_x": 1.0,
  "spacing_y": 1.0,
  "spacing_z": 1.0,
  "summary_bg_k": 371.65973417783914,
  "summary_bg_mad": 13.597716670024099,
  "summary_bg_mean": 16.753196040329737,
  "summary_bg_median": 9.17152052000165,
  "summary_bg_n": 2906611.0,
  "summary_bg_p05": 0.0,
  "summary_bg_p95": 53.37738008797169,
  "summary_bg_stdv": 24.92704770888904,
  "summary_csf_k": -0.6823454644191886,
  "summary_csf_mad": 157.43707026004205,
  "summary_csf_mean": 401.9185861871902,
  "summary_csf_median": 392.1585693433881,
  "summary_csf_n": 523076.19603107846,
  "summary_csf_p05": 104.53794715926051,
  "summary_csf_p95": 721.7682380788028,
  "summary_csf_stdv": 202.55611361071556,
  "summary_gm_k": -0.15232702003743626,
  "summary_gm_mad": 83.326292200669,
  "summary_gm_mean": 670.9961659230372,
  "summary_gm_median": 662.9574927538633,
  "summary_gm_n": 763666.9585625976,
  "summary_gm_p05": 452.3167892470956,
  "summary_gm_p95": 931.2788016162813,
  "summary_gm_stdv": 135.82079218290812,
  "summary_wm_k": 0.05851266605431871,
  "summary_wm_mad": 83.39073635550324,
  "summary_wm_mean": 898.4718359827259,
  "summary_wm_median": 931.5396031476557,
  "summary_wm_n": 707654.8456605341,
  "summary_wm_p05": 667.6519203186035,
  "summary_wm_p95": 1053.0731167681515,
  "summary_wm_stdv": 121.01673950500707,
  "tpm_overlap_csf": 0.2215850462882308,
  "tpm_overlap_gm": 0.5240022515100533,
  "tpm_overlap_wm": 0.5479693709609841,
  "wm2max": 0.4414227381731827
}