{
  "aor": 0.0015998383838383837,
  "aqi": 0.005906532262626262,
  "bids_meta": {
    "dataset": "ds001510",
    "modality": "bold",
    "run_id": 2,
    "subject_id": "20",
    "task_id": "perception"
  },
  "dummy_trs": 0,
  "dvars_nstd": 38.552528628562754,
  "dvars_std": 1.1183325332186225,
  "dvars_vstd": 1.0041322985425096,
  "efc": 0.5842995685854414,
  "fber": 301.6698303222656,
  "fd_mean": 0.17047909772479247,
  "fd_num": 139,
  "fd_perc": 28.08080808080808,
  "fwhm_avg": 2.7827666666666673,
  "fwhm_x": 2.61525,
  "fwhm_y": 2.985425,
  "fwhm_z": 2.747625,
  "gcor": 0.0248659,
  "gsr_x": 0.006806837394833565,
  "gsr_y": 0.05257761850953102,
  "provenance": {
    "md5sum": "ea922c779b18374bfda28021d640c36d",
    "settings": {
      "fd_thres": 0.2,
      "testing": false
    },
    "software": "mriqc",
    "version": "23.1.0"
  },
  "size_t": 495,
  "size_x": 96,
  "size_y": 96,
  "size_z": 60,
  "snr": 1.9675206661363283,
  "spacing_tr": 1.5,
  "spacing_x": 2.0,
  "spacing_y": 2.0,
  "spacing_z": 2.0,
  "summary_bg_k": 21.09845074285196,
  "summary_bg_mad": 10.243435052132876,
  "summary_bg_mean": 51.44463229890468,
  "summary_bg_median": 27.975759506225586,
  "summary_bg_n": 379849.0,
  "summary_bg_p05": 19.50707244873047,
  "summary_bg_p95": 169.09698486328125,
  "summary_bg_stdv": 60.09622292088858,
  "summary_fg_k": 4.442390071615288,
  "summary_fg_mad": 201.33139077825697,
  "summary_fg_mean": 532.0642631539174,
  "summary_fg_median": 485.9010314941406,
  "summary_fg_n": 173111.0,
  "summary_fg_p05": 235.80404663085938,
  "summary_fg_p95": 992.638427734375,
  "summary_fg_stdv": 246.96036815131296,
  "tsnr": 38.19723742455244
}