{
  "aor": 0.005489734133790737,
  "aqi": 0.012232165420240138,
  "bids_meta": {
    "dataset": "ds001510",
    "modality": "bold",
    "run_id": 2,
    "subject_id": "20",
    "task_id": "recall"
  },
  "dummy_trs": 0,
  "dvars_nstd": 69.48556785432612,
  "dvars_std": 1.285349293090129,
  "dvars_vstd": 1.04133792435193,
  "efc": 0.5897578102741408,
  "fber": 276.5318603515625,
  "fd_mean": 0.4578365596712068,
  "fd_num": 922,
  "fd_perc": 79.073756432247,
  "fwhm_avg": 2.8190916666666666,
  "fwhm_x": 2.63051,
  "fwhm_y": 3.038285,
  "fwhm_z": 2.78848,
  "gcor": 0.0203434,
  "gsr_x": 0.012483840808272362,
  "gsr_y": 0.054059065878391266,
  "provenance": {
    "md5sum": "5561a2796f369dc6e1909a73bedf871b",
    "settings": {
      "fd_thres": 0.2,
      "testing": false
    },
    "software": "mriqc",
    "version": "23.1.0"
  },
  "size_t": 1166,
  "size_x": 96,
  "size_y": 96,
  "size_z": 60,
  "snr": 2.0036959445849556,
  "spacing_tr": 1.5,
  "spacing_x": 2.0,
  "spacing_y": 2.0,
  "spacing_z": 2.0,
  "summary_bg_k": 22.149917481604355,
  "summary_bg_mad": 10.810535603935607,
  "summary_bg_mean": 53.027656280331286,
  "summary_bg_median": 28.748714447021484,
  "summary_bg_n": 380386.0,
  "summary_bg_p05": 19.43910789489746,
  "summary_bg_p95": 173.0446014404297,
  "summary_bg_stdv": 62.29370730721914,
  "summary_fg_k": 4.2778091865391215,
  "summary_fg_mad": 197.45627814070693,
  "summary_fg_mean": 520.4037489223076,
  "summary_fg_median": 478.0694885253906,
  "summary_fg_n": 172574.0,
  "summary_fg_p05": 228.16038513183594,
  "summary_fg_p95": 960.3310546875,
  "summary_fg_stdv": 238.59313819589653,
  "tsnr": 27.82403439632617
}