{
  "aor": 0.0006316602316602317,
  "aqi": 0.010453999903474903,
  "bids_meta": {
    "dataset": "ds001510",
    "modality": "bold",
    "run_id": 1,
    "subject_id": "24",
    "task_id": "perception"
  },
  "dummy_trs": 1,
  "dvars_nstd": 44.98808046576404,
  "dvars_std": 1.0895819850870407,
  "dvars_vstd": 0.9808763090328825,
  "efc": 0.581807665439579,
  "fber": 288.652099609375,
  "fd_mean": 0.20267590648362532,
  "fd_num": 254,
  "fd_perc": 49.034749034749034,
  "fwhm_avg": 2.7630666666666666,
  "fwhm_x": 2.595675,
  "fwhm_y": 2.88848,
  "fwhm_z": 2.805045,
  "gcor": 0.0103672,
  "gsr_x": -0.005279400385916233,
  "gsr_y": 0.045309945940971375,
  "provenance": {
    "md5sum": "679d690cb5c6bf90602b0605d821643f",
    "settings": {
      "fd_thres": 0.2,
      "testing": false
    },
    "software": "mriqc",
    "version": "23.1.0"
  },
  "size_t": 518,
  "size_x": 96,
  "size_y": 96,
  "size_z": 60,
  "snr": 2.072552674859232,
  "spacing_tr": 1.5,
  "spacing_x": 2.0,
  "spacing_y": 2.0,
  "spacing_z": 2.0,
  "summary_bg_k": 44.05526668296148,
  "summary_bg_mad": 6.997997394736181,
  "summary_bg_mean": 40.113762498730765,
  "summary_bg_median": 24.895751953125,
  "summary_bg_n": 378591.0,
  "summary_bg_p05": 18.79343605041504,
  "summary_bg_p95": 116.75289154052734,
  "summary_bg_stdv": 44.696737830994856,
  "summary_fg_k": 5.731767423793531,
  "summary_fg_mad": 169.1998064063583,
  "summary_fg_mean": 461.9313977018331,
  "summary_fg_median": 422.97296142578125,
  "summary_fg_n": 174369.0,
  "summary_fg_p05": 218.29150390625,
  "summary_fg_p95": 824.4034423828125,
  "summary_fg_stdv": 204.08250834220254,
  "tsnr": 31.048914997605607
}