{
  "aor": 0.0006801004016064257,
  "aqi": 0.0057997482931726905,
  "bids_meta": {
    "dataset": "ds001510",
    "modality": "bold",
    "run_id": 1,
    "subject_id": "01",
    "task_id": "perception"
  },
  "dummy_trs": 1,
  "dvars_nstd": 37.207618502414476,
  "dvars_std": 1.194042921991951,
  "dvars_vstd": 0.9969646083702223,
  "efc": 0.6053358175770971,
  "fber": 225.9443359375,
  "fd_mean": 0.0829774738722198,
  "fd_num": 7,
  "fd_perc": 1.4056224899598393,
  "fwhm_avg": 2.878038333333333,
  "fwhm_x": 2.62534,
  "fwhm_y": 3.06031,
  "fwhm_z": 2.948465,
  "gcor": 0.0121097,
  "gsr_x": -0.022852489724755287,
  "gsr_y": 0.09509490430355072,
  "provenance": {
    "md5sum": "69f79ed20ca7f387641f5c901f3eef0b",
    "settings": {
      "fd_thres": 0.2,
      "testing": false
    },
    "software": "mriqc",
    "version": "23.1.0"
  },
  "size_t": 498,
  "size_x": 96,
  "size_y": 96,
  "size_z": 60,
  "snr": 1.738671205849143,
  "spacing_tr": 1.5,
  "spacing_x": 2.0,
  "spacing_y": 2.0,
  "spacing_z": 2.0,
  "summary_bg_k": 31.79126077732237,
  "summary_bg_mad": 12.572347364994862,
  "summary_bg_mean": 61.497393570887844,
  "summary_bg_median": 30.71686553955078,
  "summary_bg_n": 361798.0,
  "summary_bg_p05": 20.369476318359375,
  "summary_bg_p95": 208.50601196289062,
  "summary_bg_stdv": 81.18533590104559,
  "summary_fg_k": 3.867461635414914,
  "summary_fg_mad": 211.89601747540615,
  "summary_fg_mean": 512.6610276904406,
  "summary_fg_median": 461.71885681152344,
  "summary_fg_n": 191162.0,
  "summary_fg_p05": 193.86544799804688,
  "summary_fg_p95": 1018.385498046875,
  "summary_fg_stdv": 265.5577705507822,
  "tsnr": 41.64616392320022
}