{
  "aor": 0.004412604166666667,
  "aqi": 0.006423269791666668,
  "bids_meta": {
    "dataset": "ds001510",
    "modality": "bold",
    "run_id": 1,
    "subject_id": "01",
    "task_id": "schemarecall"
  },
  "dummy_trs": 1,
  "dvars_nstd": 40.79181283631576,
  "dvars_std": 1.143357530105263,
  "dvars_vstd": 1.040413009684211,
  "efc": 0.6161114700160597,
  "fber": 197.38536071777344,
  "fd_mean": 0.15545790029449452,
  "fd_num": 17,
  "fd_perc": 17.708333333333332,
  "fwhm_avg": 2.876645,
  "fwhm_x": 2.599985,
  "fwhm_y": 3.067795,
  "fwhm_z": 2.962155,
  "gcor": 0.018311,
  "gsr_x": -0.02499360777437687,
  "gsr_y": 0.10448390990495682,
  "provenance": {
    "md5sum": "ee9d0b0c34ca71e05d319d857ed2f12f",
    "settings": {
      "fd_thres": 0.2,
      "testing": false
    },
    "software": "mriqc",
    "version": "23.1.0"
  },
  "size_t": 96,
  "size_x": 96,
  "size_y": 96,
  "size_z": 60,
  "snr": 1.7501756116313583,
  "spacing_tr": 1.5,
  "spacing_x": 2.0,
  "spacing_y": 2.0,
  "spacing_z": 2.0,
  "summary_bg_k": 22.86741519602364,
  "summary_bg_mad": 13.79129032933709,
  "summary_bg_mean": 68.79500616018227,
  "summary_bg_median": 32.47916793823242,
  "summary_bg_n": 361990.0,
  "summary_bg_p05": 21.3125,
  "summary_bg_p95": 244.75,
  "summary_bg_stdv": 93.25319013609011,
  "summary_fg_k": 3.7968149329577967,
  "summary_fg_mad": 208.9388214793335,
  "summary_fg_mean": 505.8519458422082,
  "summary_fg_median": 456.3125,
  "summary_fg_n": 190970.0,
  "summary_fg_p05": 191.36459350585938,
  "summary_fg_p95": 1001.8854370117188,
  "summary_fg_stdv": 260.72315386117737,
  "tsnr": 37.22205715253949
}