{
  "aor": 0.0019372912423625255,
  "aqi": 0.010449562118126272,
  "bids_meta": {
    "dataset": "ds001510",
    "modality": "bold",
    "run_id": 2,
    "subject_id": "22",
    "task_id": "perception"
  },
  "dummy_trs": 1,
  "dvars_nstd": 34.54828647730612,
  "dvars_std": 1.0574185547959185,
  "dvars_vstd": 0.9989087080408159,
  "efc": 0.5689674691834499,
  "fber": 313.7612609863281,
  "fd_mean": 0.1499223985605028,
  "fd_num": 91,
  "fd_perc": 18.533604887983707,
  "fwhm_avg": 2.865483333333333,
  "fwhm_x": 2.53293,
  "fwhm_y": 3.19944,
  "fwhm_z": 2.86408,
  "gcor": 0.0225686,
  "gsr_x": -0.006299767643213272,
  "gsr_y": 0.0416860431432724,
  "provenance": {
    "md5sum": "b5365933b3d80ff3f8010e750c73b587",
    "settings": {
      "fd_thres": 0.2,
      "testing": false
    },
    "software": "mriqc",
    "version": "23.1.0"
  },
  "size_t": 491,
  "size_x": 96,
  "size_y": 96,
  "size_z": 60,
  "snr": 2.17202708884558,
  "spacing_tr": 1.5,
  "spacing_x": 2.0,
  "spacing_y": 2.0,
  "spacing_z": 2.0,
  "summary_bg_k": 41.07941129632368,
  "summary_bg_mad": 9.753166894504334,
  "summary_bg_mean": 44.45203548530212,
  "summary_bg_median": 26.906314849853516,
  "summary_bg_n": 392528.0,
  "summary_bg_p05": 18.04480743408203,
  "summary_bg_p95": 136.4949188232422,
  "summary_bg_stdv": 52.69159444823629,
  "summary_fg_k": 1.9290698734543446,
  "summary_fg_mad": 194.46998933376702,
  "summary_fg_mean": 510.7230472919133,
  "summary_fg_median": 476.5998229980469,
  "summary_fg_n": 160432.0,
  "summary_fg_p05": 221.92465209960938,
  "summary_fg_p95": 913.171142578125,
  "summary_fg_stdv": 219.42559560114756,
  "tsnr": 32.45646554464474
}