{
  "aor": 0.0006886092715231787,
  "aqi": 0.014081427947019868,
  "bids_meta": {
    "dataset": "ds001510",
    "modality": "bold",
    "run_id": 2,
    "subject_id": "04",
    "task_id": "recall"
  },
  "dummy_trs": 1,
  "dvars_nstd": 59.22010312943616,
  "dvars_std": 1.134783841094528,
  "dvars_vstd": 0.9722711790049747,
  "efc": 0.6239213301534839,
  "fber": 183.4824676513672,
  "fd_mean": 0.36898540234509136,
  "fd_num": 501,
  "fd_perc": 82.94701986754967,
  "fwhm_avg": 2.987228333333333,
  "fwhm_x": 2.77592,
  "fwhm_y": 3.246605,
  "fwhm_z": 2.93916,
  "gcor": 0.0163473,
  "gsr_x": 7.169813034124672e-05,
  "gsr_y": 0.06670785695314407,
  "provenance": {
    "md5sum": "068686cfb526d9547a070cd8fadb560f",
    "settings": {
      "fd_thres": 0.2,
      "testing": false
    },
    "software": "mriqc",
    "version": "23.1.0"
  },
  "size_t": 604,
  "size_x": 96,
  "size_y": 96,
  "size_z": 60,
  "snr": 2.065923598427197,
  "spacing_tr": 1.5,
  "spacing_x": 2.0,
  "spacing_y": 2.0,
  "spacing_z": 2.0,
  "summary_bg_k": 21.26751617287926,
  "summary_bg_mad": 9.732648092438529,
  "summary_bg_mean": 59.72745457213722,
  "summary_bg_median": 33.8973503112793,
  "summary_bg_n": 364348.0,
  "summary_bg_p05": 24.32615852355957,
  "summary_bg_p95": 190.7715301513672,
  "summary_bg_stdv": 65.74026929837328,
  "summary_fg_k": 1.318005144883954,
  "summary_fg_mad": 206.19093083796082,
  "summary_fg_mean": 495.5279819736566,
  "summary_fg_median": 459.158935546875,
  "summary_fg_n": 188612.0,
  "summary_fg_p05": 202.908935546875,
  "summary_fg_p95": 911.3377685546875,
  "summary_fg_stdv": 222.25300039644782,
  "tsnr": 24.968769123312086
}