{
  "aor": 0.001715967213114754,
  "aqi": 0.008436825016393442,
  "bids_meta": {
    "dataset": "ds001510",
    "modality": "bold",
    "run_id": 1,
    "subject_id": "18",
    "task_id": "schemarecall"
  },
  "dummy_trs": 0,
  "dvars_nstd": 58.80361442220393,
  "dvars_std": 1.2338803998355257,
  "dvars_vstd": 1.0103736261842102,
  "efc": 0.6032109389255865,
  "fber": 230.1261444091797,
  "fd_mean": 0.22298539236078088,
  "fd_num": 149,
  "fd_perc": 48.85245901639344,
  "fwhm_avg": 2.8527566666666666,
  "fwhm_x": 2.72648,
  "fwhm_y": 2.964845,
  "fwhm_z": 2.866945,
  "gcor": 0.0103394,
  "gsr_x": -0.010281874798238277,
  "gsr_y": 0.0790061429142952,
  "provenance": {
    "md5sum": "1bb9e209df65a9f3b878ec35217e939a",
    "settings": {
      "fd_thres": 0.2,
      "testing": false
    },
    "software": "mriqc",
    "version": "23.1.0"
  },
  "size_t": 305,
  "size_x": 96,
  "size_y": 96,
  "size_z": 60,
  "snr": 1.6676645429542254,
  "spacing_tr": 1.5,
  "spacing_x": 2.0,
  "spacing_y": 2.0,
  "spacing_z": 2.0,
  "summary_bg_k": 23.900066344407445,
  "summary_bg_mad": 10.767094336386696,
  "summary_bg_mean": 61.73503306514271,
  "summary_bg_median": 28.655736923217773,
  "summary_bg_n": 366013.0,
  "summary_bg_p05": 20.003278732299805,
  "summary_bg_p95": 216.20655822753906,
  "summary_bg_stdv": 81.28448288979244,
  "summary_fg_k": 4.776173760595243,
  "summary_fg_mad": 203.51995742594173,
  "summary_fg_mean": 491.8148833358314,
  "summary_fg_median": 434.7049255371094,
  "summary_fg_n": 186947.0,
  "summary_fg_p05": 196.20327758789062,
  "summary_fg_p95": 985.855712890625,
  "summary_fg_stdv": 260.66619016995696,
  "tsnr": 32.491795466747135
}