{
  "aor": 0.0011401095617529881,
  "aqi": 0.011242845119521913,
  "bids_meta": {
    "dataset": "ds001510",
    "modality": "bold",
    "run_id": 2,
    "subject_id": "18",
    "task_id": "recall"
  },
  "dummy_trs": 1,
  "dvars_nstd": 62.99676718483552,
  "dvars_std": 1.24029708541376,
  "dvars_vstd": 1.003327500777666,
  "efc": 0.6037180494838764,
  "fber": 230.99786376953125,
  "fd_mean": 0.2699373142921796,
  "fd_num": 646,
  "fd_perc": 64.34262948207171,
  "fwhm_avg": 2.8732816666666667,
  "fwhm_x": 2.745075,
  "fwhm_y": 2.99715,
  "fwhm_z": 2.87762,
  "gcor": 0.0155947,
  "gsr_x": -0.010934188961982727,
  "gsr_y": 0.08087925612926483,
  "provenance": {
    "md5sum": "db52cbe19eed5ce9f1dfe8d00057c73b",
    "settings": {
      "fd_thres": 0.2,
      "testing": false
    },
    "software": "mriqc",
    "version": "23.1.0"
  },
  "size_t": 1004,
  "size_x": 96,
  "size_y": 96,
  "size_z": 60,
  "snr": 1.677429705524991,
  "spacing_tr": 1.5,
  "spacing_x": 2.0,
  "spacing_y": 2.0,
  "spacing_z": 2.0,
  "summary_bg_k": 22.920901512991858,
  "summary_bg_mad": 11.137235879936492,
  "summary_bg_mean": 61.52249721119081,
  "summary_bg_median": 28.589641571044922,
  "summary_bg_n": 366302.0,
  "summary_bg_p05": 19.467132568359375,
  "summary_bg_p95": 215.2330780029297,
  "summary_bg_stdv": 79.9911205216497,
  "summary_fg_k": 4.770552137925609,
  "summary_fg_mad": 202.0318805105233,
  "summary_fg_mean": 491.1161480989011,
  "summary_fg_median": 434.5229187011719,
  "summary_fg_n": 186658.0,
  "summary_fg_p05": 196.91136169433594,
  "summary_fg_p95": 982.4462280273438,
  "summary_fg_stdv": 259.04021689475405,
  "tsnr": 28.76440212596208
}