{
  "aor": 0.0007115455381784729,
  "aqi": 0.015217018767249312,
  "bids_meta": {
    "dataset": "ds001510",
    "modality": "bold",
    "run_id": 1,
    "subject_id": "18",
    "task_id": "recall"
  },
  "dummy_trs": 1,
  "dvars_nstd": 50.79672995891346,
  "dvars_std": 1.1066105198250453,
  "dvars_vstd": 0.9688132867311234,
  "efc": 0.6017871361516647,
  "fber": 231.82415771484375,
  "fd_mean": 0.23425503358316185,
  "fd_num": 583,
  "fd_perc": 53.63385464581417,
  "fwhm_avg": 2.9200883333333336,
  "fwhm_x": 2.77395,
  "fwhm_y": 3.064095,
  "fwhm_z": 2.92222,
  "gcor": 0.0363274,
  "gsr_x": -0.019295688718557358,
  "gsr_y": 0.101466104388237,
  "provenance": {
    "md5sum": "424ed93d7d54cdb124aa695b1417ec5d",
    "settings": {
      "fd_thres": 0.2,
      "testing": false
    },
    "software": "mriqc",
    "version": "23.1.0"
  },
  "size_t": 1087,
  "size_x": 96,
  "size_y": 96,
  "size_z": 60,
  "snr": 1.6829153365214327,
  "spacing_tr": 1.5,
  "spacing_x": 2.0,
  "spacing_y": 2.0,
  "spacing_z": 2.0,
  "summary_bg_k": 19.36091443147674,
  "summary_bg_mad": 13.481178158754894,
  "summary_bg_mean": 63.852040860936775,
  "summary_bg_median": 29.134313583374023,
  "summary_bg_n": 369718.0,
  "summary_bg_p05": 15.110395431518555,
  "summary_bg_p95": 227.41766357421875,
  "summary_bg_stdv": 85.15141641582865,
  "summary_fg_k": 4.619708360033596,
  "summary_fg_mad": 205.9916699685059,
  "summary_fg_mean": 502.5863311301774,
  "summary_fg_median": 443.5924377441406,
  "summary_fg_n": 183242.0,
  "summary_fg_p05": 206.06898498535156,
  "summary_fg_p95": 1005.84912109375,
  "summary_fg_stdv": 263.58499308636067,
  "tsnr": 27.030053261260036
}