{
  "aor": 0.006248627450980392,
  "aqi": 0.00841248431372549,
  "bids_meta": {
    "dataset": "ds001510",
    "modality": "bold",
    "run_id": 1,
    "subject_id": "21",
    "task_id": "schemarecall"
  },
  "dummy_trs": 0,
  "dvars_nstd": 66.1327993764,
  "dvars_std": 1.3253890306000005,
  "dvars_vstd": 1.066341446,
  "efc": 0.6327904018271719,
  "fber": 172.7038116455078,
  "fd_mean": 0.3263935480109001,
  "fd_num": 34,
  "fd_perc": 66.66666666666667,
  "fwhm_avg": 3.16647,
  "fwhm_x": 2.934585,
  "fwhm_y": 3.350755,
  "fwhm_z": 3.21407,
  "gcor": 0.0172157,
  "gsr_x": -0.010297388769686222,
  "gsr_y": 0.06848759949207306,
  "provenance": {
    "md5sum": "f7490db0560cde230b48566f184e82d8",
    "settings": {
      "fd_thres": 0.2,
      "testing": false
    },
    "software": "mriqc",
    "version": "23.1.0"
  },
  "size_t": 51,
  "size_x": 96,
  "size_y": 96,
  "size_z": 60,
  "snr": 1.6231834156101028,
  "spacing_tr": 1.5,
  "spacing_x": 2.0,
  "spacing_y": 2.0,
  "spacing_z": 2.0,
  "summary_bg_k": 22.906291678884298,
  "summary_bg_mad": 17.820299638059304,
  "summary_bg_mean": 77.3082803549,
  "summary_bg_median": 40.54902267456055,
  "summary_bg_n": 333212.0,
  "summary_bg_p05": 26.686275482177734,
  "summary_bg_p95": 248.78431701660156,
  "summary_bg_stdv": 88.1555852158258,
  "summary_fg_k": 4.00173923728257,
  "summary_fg_mad": 259.5426214256532,
  "summary_fg_mean": 612.4634141974618,
  "summary_fg_median": 532.8823852539062,
  "summary_fg_n": 219748.0,
  "summary_fg_p05": 249.13726806640625,
  "summary_fg_p95": 1247.7255859375,
  "summary_fg_stdv": 328.29387464327743,
  "tsnr": 33.72860096534714
}