{
  "aor": 0.0028451351351351352,
  "aqi": 0.013019387417417417,
  "bids_meta": {
    "dataset": "ds001510",
    "modality": "bold",
    "run_id": 2,
    "subject_id": "21",
    "task_id": "recall"
  },
  "dummy_trs": 0,
  "dvars_nstd": 69.19492202216871,
  "dvars_std": 1.2744721809939763,
  "dvars_vstd": 1.0158712836144586,
  "efc": 0.6328186077414991,
  "fber": 170.19482421875,
  "fd_mean": 0.36650644387946,
  "fd_num": 271,
  "fd_perc": 81.38138138138139,
  "fwhm_avg": 3.168711666666667,
  "fwhm_x": 2.92797,
  "fwhm_y": 3.391945,
  "fwhm_z": 3.18622,
  "gcor": 0.0135236,
  "gsr_x": -0.010717262513935566,
  "gsr_y": 0.07259884476661682,
  "provenance": {
    "md5sum": "7e64b8ef8d86306864830867c94e412c",
    "settings": {
      "fd_thres": 0.2,
      "testing": false
    },
    "software": "mriqc",
    "version": "23.1.0"
  },
  "size_t": 333,
  "size_x": 96,
  "size_y": 96,
  "size_z": 60,
  "snr": 1.628376009014495,
  "spacing_tr": 1.5,
  "spacing_x": 2.0,
  "spacing_y": 2.0,
  "spacing_z": 2.0,
  "summary_bg_k": 22.03876230047174,
  "summary_bg_mad": 20.32011241989137,
  "summary_bg_mean": 76.47910944486935,
  "summary_bg_median": 40.552555084228516,
  "summary_bg_n": 332790.0,
  "summary_bg_p05": 19.633634567260742,
  "summary_bg_p95": 247.81082153320312,
  "summary_bg_stdv": 88.1833576471799,
  "summary_fg_k": 4.001571208124801,
  "summary_fg_mad": 257.3717231180052,
  "summary_fg_mean": 607.8054936050194,
  "summary_fg_median": 529.0435485839844,
  "summary_fg_n": 220170.0,
  "summary_fg_p05": 247.0630645751953,
  "summary_fg_p95": 1236.02099609375,
  "summary_fg_stdv": 324.8895489804515,
  "tsnr": 27.453714420378674
}