{
  "aor": 0.0030697704918032785,
  "aqi": 0.020069465901639345,
  "bids_meta": {
    "dataset": "ds001510",
    "modality": "bold",
    "run_id": 1,
    "subject_id": "21",
    "task_id": "recall"
  },
  "dummy_trs": 1,
  "dvars_nstd": 79.22620044865128,
  "dvars_std": 1.1704841629276315,
  "dvars_vstd": 0.9411625357565782,
  "efc": 0.633586623007315,
  "fber": 168.76609802246094,
  "fd_mean": 0.4846736127051442,
  "fd_num": 249,
  "fd_perc": 81.63934426229508,
  "fwhm_avg": 3.2688450000000002,
  "fwhm_x": 2.98813,
  "fwhm_y": 3.51723,
  "fwhm_z": 3.301175,
  "gcor": 0.0156993,
  "gsr_x": 2.7255044187768362e-05,
  "gsr_y": 0.0742417573928833,
  "provenance": {
    "md5sum": "765e0529612c61a39da3155149e70fe2",
    "settings": {
      "fd_thres": 0.2,
      "testing": false
    },
    "software": "mriqc",
    "version": "23.1.0"
  },
  "size_t": 305,
  "size_x": 96,
  "size_y": 96,
  "size_z": 60,
  "snr": 1.63443028367982,
  "spacing_tr": 1.5,
  "spacing_x": 2.0,
  "spacing_y": 2.0,
  "spacing_z": 2.0,
  "summary_bg_k": 17.86557368442449,
  "summary_bg_mad": 20.50852286989666,
  "summary_bg_mean": 72.19840286876261,
  "summary_bg_median": 40.07868957519531,
  "summary_bg_n": 328599.0,
  "summary_bg_p05": 14.419672012329102,
  "summary_bg_p95": 230.4786834716797,
  "summary_bg_stdv": 80.30763332247783,
  "summary_fg_k": 3.390888682215624,
  "summary_fg_mad": 256.9859832127968,
  "summary_fg_mean": 596.2400358232854,
  "summary_fg_median": 520.6622924804688,
  "summary_fg_n": 224361.0,
  "summary_fg_p05": 235.60000610351562,
  "summary_fg_p95": 1212.9803466796875,
  "summary_fg_stdv": 318.558177338899,
  "tsnr": 21.17990379757248
}