{
  "aor": 0.0027109059233449474,
  "aqi": 0.012090649465737515,
  "bids_meta": {
    "dataset": "ds001510",
    "modality": "bold",
    "run_id": 1,
    "subject_id": "02",
    "task_id": "recall"
  },
  "dummy_trs": 1,
  "dvars_nstd": 97.14076981433719,
  "dvars_std": 1.3891354582906972,
  "dvars_vstd": 1.0235126572674438,
  "efc": 0.5593859002232026,
  "fber": 245.24356079101562,
  "fd_mean": 0.6185350450196214,
  "fd_num": 808,
  "fd_perc": 93.84436701509873,
  "fwhm_avg": 2.98166,
  "fwhm_x": 2.877185,
  "fwhm_y": 3.049475,
  "fwhm_z": 3.01832,
  "gcor": 0.0170807,
  "gsr_x": -0.006977672688663006,
  "gsr_y": 0.05745083466172218,
  "provenance": {
    "md5sum": "c41773d67cc1a70487131949b05c3f1e",
    "settings": {
      "fd_thres": 0.2,
      "testing": false
    },
    "software": "mriqc",
    "version": "23.1.0"
  },
  "size_t": 861,
  "size_x": 96,
  "size_y": 96,
  "size_z": 60,
  "snr": 1.543950702484158,
  "spacing_tr": 1.5,
  "spacing_x": 2.0,
  "spacing_y": 2.0,
  "spacing_z": 2.0,
  "summary_bg_k": 32.71055507976504,
  "summary_bg_mad": 8.8508429590069,
  "summary_bg_mean": 54.7069804247839,
  "summary_bg_median": 32.96515655517578,
  "summary_bg_n": 380891.0,
  "summary_bg_p05": 24.514516830444336,
  "summary_bg_p95": 166.14866638183594,
  "summary_bg_stdv": 57.63815661783511,
  "summary_fg_k": 6.588505563586642,
  "summary_fg_mad": 248.39871750061315,
  "summary_fg_mean": 592.8700235197158,
  "summary_fg_median": 516.2427368164062,
  "summary_fg_n": 172069.0,
  "summary_fg_p05": 233.4471435546875,
  "summary_fg_p95": 1228.2647705078125,
  "summary_fg_stdv": 334.3638083002066,
  "tsnr": 25.022938243113458
}