{
  "aor": 0.0005442984693877551,
  "aqi": 0.013719736607142858,
  "bids_meta": {
    "dataset": "ds001510",
    "modality": "bold",
    "run_id": 1,
    "subject_id": "14",
    "task_id": "recall"
  },
  "dummy_trs": 0,
  "dvars_nstd": 51.42564397932311,
  "dvars_std": 1.117035228314177,
  "dvars_vstd": 0.980111078033205,
  "efc": 0.5989823857166103,
  "fber": 285.7788391113281,
  "fd_mean": 0.3025356523675689,
  "fd_num": 568,
  "fd_perc": 72.44897959183673,
  "fwhm_avg": 2.7841766666666667,
  "fwhm_x": 2.551485,
  "fwhm_y": 3.012815,
  "fwhm_z": 2.78823,
  "gcor": 0.0117179,
  "gsr_x": 0.00538215646520257,
  "gsr_y": 0.054818931967020035,
  "provenance": {
    "md5sum": "9eba9d16170904a0600772f826240e80",
    "settings": {
      "fd_thres": 0.2,
      "testing": false
    },
    "software": "mriqc",
    "version": "23.1.0"
  },
  "size_t": 784,
  "size_x": 96,
  "size_y": 96,
  "size_z": 60,
  "snr": 2.4329450252925566,
  "spacing_tr": 1.5,
  "spacing_x": 2.0,
  "spacing_y": 2.0,
  "spacing_z": 2.0,
  "summary_bg_k": 44.293817307199916,
  "summary_bg_mad": 9.033662770687478,
  "summary_bg_mean": 42.27442454508138,
  "summary_bg_median": 25.69005012512207,
  "summary_bg_n": 376890.0,
  "summary_bg_p05": 14.058672904968262,
  "summary_bg_p95": 126.71300506591797,
  "summary_bg_stdv": 46.22366994590599,
  "summary_fg_k": 1.6960713269819196,
  "summary_fg_mad": 164.56316795277837,
  "summary_fg_mean": 460.6129656135755,
  "summary_fg_median": 434.2901611328125,
  "summary_fg_n": 176070.0,
  "summary_fg_p05": 221.81121826171875,
  "summary_fg_p95": 785.534423828125,
  "summary_fg_stdv": 178.50338718215983,
  "tsnr": 28.04235167708248
}