{
  "aor": 0.0015349264705882353,
  "aqi": 0.007443333088235295,
  "bids_meta": {
    "dataset": "ds001510",
    "modality": "bold",
    "run_id": 1,
    "subject_id": "14",
    "task_id": "schemarecall"
  },
  "dummy_trs": 0,
  "dvars_nstd": 46.61925769385183,
  "dvars_std": 1.1569155902222215,
  "dvars_vstd": 1.0123315005185185,
  "efc": 0.602883243804733,
  "fber": 269.7015075683594,
  "fd_mean": 0.20798539486001885,
  "fd_num": 59,
  "fd_perc": 43.38235294117647,
  "fwhm_avg": 2.7325633333333332,
  "fwhm_x": 2.522165,
  "fwhm_y": 2.965605,
  "fwhm_z": 2.70992,
  "gcor": 0.0112117,
  "gsr_x": 0.001960958121344447,
  "gsr_y": 0.05479554459452629,
  "provenance": {
    "md5sum": "34cc3f13c884815ae4168a64822382cd",
    "settings": {
      "fd_thres": 0.2,
      "testing": false
    },
    "software": "mriqc",
    "version": "23.1.0"
  },
  "size_t": 136,
  "size_x": 96,
  "size_y": 96,
  "size_z": 60,
  "snr": 2.394455452831238,
  "spacing_tr": 1.5,
  "spacing_x": 2.0,
  "spacing_y": 2.0,
  "spacing_z": 2.0,
  "summary_bg_k": 47.132940669953186,
  "summary_bg_mad": 8.47045332578146,
  "summary_bg_mean": 43.45817875043208,
  "summary_bg_median": 26.169116973876953,
  "summary_bg_n": 375717.0,
  "summary_bg_p05": 18.84558868408203,
  "summary_bg_p95": 129.38235473632812,
  "summary_bg_stdv": 46.86325345139792,
  "summary_fg_k": 1.8228950282097847,
  "summary_fg_mad": 164.5797504025184,
  "summary_fg_mean": 456.40467971729703,
  "summary_fg_median": 429.76470947265625,
  "summary_fg_n": 177243.0,
  "summary_fg_p05": 216.5,
  "summary_fg_p95": 784.5073852539062,
  "summary_fg_stdv": 179.48276991439178,
  "tsnr": 38.40288475237321
}