{
  "aor": 0.0029525467289719626,
  "aqi": 0.022076459579439253,
  "bids_meta": {
    "dataset": "ds001510",
    "modality": "bold",
    "run_id": 1,
    "subject_id": "29",
    "task_id": "recall"
  },
  "dummy_trs": 0,
  "dvars_nstd": 80.47959284372371,
  "dvars_std": 1.2081339687587838,
  "dvars_vstd": 1.014703583325527,
  "efc": 0.6426151971401909,
  "fber": 133.6676025390625,
  "fd_mean": 0.5665442454902634,
  "fd_num": 376,
  "fd_perc": 87.85046728971963,
  "fwhm_avg": 2.800568333333333,
  "fwhm_x": 2.4182,
  "fwhm_y": 3.119135,
  "fwhm_z": 2.86437,
  "gcor": 0.0193674,
  "gsr_x": -0.022740839049220085,
  "gsr_y": 0.06120054051280022,
  "provenance": {
    "md5sum": "39232d7ab027dbd14ab864c858d2a0fe",
    "settings": {
      "fd_thres": 0.2,
      "testing": false
    },
    "software": "mriqc",
    "version": "23.1.0"
  },
  "size_t": 428,
  "size_x": 96,
  "size_y": 96,
  "size_z": 60,
  "snr": 2.279697358538797,
  "spacing_tr": 1.5,
  "spacing_x": 2.0,
  "spacing_y": 2.0,
  "spacing_z": 2.0,
  "summary_bg_k": 36.18826303947717,
  "summary_bg_mad": 10.82507635369062,
  "summary_bg_mean": 61.655285480370694,
  "summary_bg_median": 36.336448669433594,
  "summary_bg_n": 367402.0,
  "summary_bg_p05": 25.221961975097656,
  "summary_bg_p95": 184.68923950195312,
  "summary_bg_stdv": 70.63692838903187,
  "summary_fg_k": 1.6094075691694947,
  "summary_fg_mad": 162.70692898133026,
  "summary_fg_mean": 446.03926973158633,
  "summary_fg_median": 420.102783203125,
  "summary_fg_n": 185558.0,
  "summary_fg_p05": 193.07943725585938,
  "summary_fg_p95": 782.9906005859375,
  "summary_fg_stdv": 184.27957098318288,
  "tsnr": 23.257588118460262
}