{
  "aor": 0.0035926960784313723,
  "aqi": 0.0218297693627451,
  "bids_meta": {
    "dataset": "ds001510",
    "modality": "bold",
    "run_id": 2,
    "subject_id": "29",
    "task_id": "recall"
  },
  "dummy_trs": 1,
  "dvars_nstd": 68.69006573525803,
  "dvars_std": 1.1595587804176901,
  "dvars_vstd": 1.00175781127764,
  "efc": 0.6351555273334619,
  "fber": 167.38490295410156,
  "fd_mean": 0.4049166224125851,
  "fd_num": 279,
  "fd_perc": 68.38235294117646,
  "fwhm_avg": 2.8225383333333336,
  "fwhm_x": 2.467995,
  "fwhm_y": 3.122205,
  "fwhm_z": 2.877415,
  "gcor": 0.0141118,
  "gsr_x": -0.0234510637819767,
  "gsr_y": 0.061373431235551834,
  "provenance": {
    "md5sum": "2dd6eb5da4b4351faf7bebb31865dbf5",
    "settings": {
      "fd_thres": 0.2,
      "testing": false
    },
    "software": "mriqc",
    "version": "23.1.0"
  },
  "size_t": 408,
  "size_x": 96,
  "size_y": 96,
  "size_z": 60,
  "snr": 2.276979162787597,
  "spacing_tr": 1.5,
  "spacing_x": 2.0,
  "spacing_y": 2.0,
  "spacing_z": 2.0,
  "summary_bg_k": 34.43275636475777,
  "summary_bg_mad": 10.454524773440225,
  "summary_bg_mean": 58.666739782184884,
  "summary_bg_median": 32.35539245605469,
  "summary_bg_n": 367491.0,
  "summary_bg_p05": 20.968137741088867,
  "summary_bg_p95": 183.9853057861328,
  "summary_bg_stdv": 71.61469681352405,
  "summary_fg_k": 1.5878938726714038,
  "summary_fg_mad": 162.27227876733875,
  "summary_fg_mean": 444.36141125940367,
  "summary_fg_median": 418.60540771484375,
  "summary_fg_n": 185469.0,
  "summary_fg_p05": 192.80148315429688,
  "summary_fg_p95": 781.3211059570312,
  "summary_fg_stdv": 183.84194552566365,
  "tsnr": 23.77366859174799
}