{
  "aor": 0.00935465306122449,
  "aqi": 0.022726668612244896,
  "bids_meta": {
    "dataset": "ds001510",
    "modality": "bold",
    "run_id": 2,
    "subject_id": "29",
    "task_id": "perception"
  },
  "dummy_trs": 1,
  "dvars_nstd": 45.36257500842534,
  "dvars_std": 0.9800472546012264,
  "dvars_vstd": 0.9759480176278107,
  "efc": 0.6244757650715517,
  "fber": 227.49205017089844,
  "fd_mean": 0.2505775524072231,
  "fd_num": 74,
  "fd_perc": 15.10204081632653,
  "fwhm_avg": 2.84755339247992,
  "fwhm_x": 2.39774,
  "fwhm_y": 3.167975,
  "fwhm_z": 2.97694517743976,
  "gcor": 0.0200872,
  "gsr_x": -0.02195027470588684,
  "gsr_y": 0.07673045992851257,
  "provenance": {
    "md5sum": "a69779b952ff20ec80ec91a5257cf51b",
    "settings": {
      "fd_thres": 0.2,
      "testing": false
    },
    "software": "mriqc",
    "version": "23.1.0"
  },
  "size_t": 490,
  "size_x": 96,
  "size_y": 96,
  "size_z": 60,
  "snr": 2.3364276009043516,
  "spacing_tr": 1.5,
  "spacing_x": 2.0,
  "spacing_y": 2.0,
  "spacing_z": 1.9999998807907104,
  "summary_bg_k": 57.712939796390174,
  "summary_bg_mad": 9.588501811222661,
  "summary_bg_mean": 50.27009103845109,
  "summary_bg_median": 26.853059768676758,
  "summary_bg_n": 367383.0,
  "summary_bg_p05": 16.76122283935547,
  "summary_bg_p95": 164.47142028808594,
  "summary_bg_stdv": 63.44641821305286,
  "summary_fg_k": 1.2401810293398983,
  "summary_fg_mad": 155.37972584496057,
  "summary_fg_mean": 430.9309888257826,
  "summary_fg_median": 405.0203857421875,
  "summary_fg_n": 185577.0,
  "summary_fg_p05": 200.78775024414062,
  "summary_fg_p95": 752.0775146484375,
  "summary_fg_stdv": 173.3498159060291,
  "tsnr": 22.444923119503073
}