{
  "aor": 0.003715319148936171,
  "aqi": 0.011187776879432626,
  "bids_meta": {
    "dataset": "ds001510",
    "modality": "bold",
    "run_id": 1,
    "subject_id": "25",
    "task_id": "schemarecall"
  },
  "dummy_trs": 0,
  "dvars_nstd": 80.8674308096428,
  "dvars_std": 1.391559595642857,
  "dvars_vstd": 1.0472142829999995,
  "efc": 0.5762875991675392,
  "fber": 199.76837158203125,
  "fd_mean": 0.5276766247393785,
  "fd_num": 127,
  "fd_perc": 90.0709219858156,
  "fwhm_avg": 3.2012516666666664,
  "fwhm_x": 3.058695,
  "fwhm_y": 3.28068,
  "fwhm_z": 3.26438,
  "gcor": 0.00790351,
  "gsr_x": 7.959246431710199e-06,
  "gsr_y": 0.044587522745132446,
  "provenance": {
    "md5sum": "b18e6d8cccedd3f3d16bf7fabb3de40a",
    "settings": {
      "fd_thres": 0.2,
      "testing": false
    },
    "software": "mriqc",
    "version": "23.1.0"
  },
  "size_t": 141,
  "size_x": 96,
  "size_y": 96,
  "size_z": 60,
  "snr": 1.9367487556357483,
  "spacing_tr": 1.5,
  "spacing_x": 2.0,
  "spacing_y": 2.0,
  "spacing_z": 2.0,
  "summary_bg_k": 29.767970767847146,
  "summary_bg_mad": 13.059519038574058,
  "summary_bg_mean": 60.311596087888894,
  "summary_bg_median": 39.843971252441406,
  "summary_bg_n": 391284.0,
  "summary_bg_p05": 27.212764739990234,
  "summary_bg_p95": 178.9290771484375,
  "summary_bg_stdv": 60.86482202798069,
  "summary_fg_k": 2.929442618197033,
  "summary_fg_mad": 252.2684233093939,
  "summary_fg_mean": 618.9813095956953,
  "summary_fg_median": 563.1524658203125,
  "summary_fg_n": 161676.0,
  "summary_fg_p05": 269.290771484375,
  "summary_fg_p95": 1169.709228515625,
  "summary_fg_stdv": 290.77118163664517,
  "tsnr": 30.64040939451661
}