{
  "aor": 0.0011587044534412956,
  "aqi": 0.006275403927125506,
  "bids_meta": {
    "dataset": "ds001510",
    "modality": "bold",
    "run_id": 2,
    "subject_id": "30",
    "task_id": "perception"
  },
  "dummy_trs": 0,
  "dvars_nstd": 37.016496434117634,
  "dvars_std": 1.1398778470791073,
  "dvars_vstd": 1.0094237686206902,
  "efc": 0.6166608397875405,
  "fber": 199.21304321289062,
  "fd_mean": 0.1086498418057064,
  "fd_num": 52,
  "fd_perc": 10.526315789473685,
  "fwhm_avg": 3.0987666666666667,
  "fwhm_x": 2.92454,
  "fwhm_y": 3.29942,
  "fwhm_z": 3.07234,
  "gcor": 0.0366667,
  "gsr_x": -0.005862219724804163,
  "gsr_y": 0.08601736277341843,
  "provenance": {
    "md5sum": "b59cea8202fcca774e2f32e9a02ebb2d",
    "settings": {
      "fd_thres": 0.2,
      "testing": false
    },
    "software": "mriqc",
    "version": "23.1.0"
  },
  "size_t": 494,
  "size_x": 96,
  "size_y": 96,
  "size_z": 60,
  "snr": 1.738499794096493,
  "spacing_tr": 1.5,
  "spacing_x": 2.0,
  "spacing_y": 2.0,
  "spacing_z": 2.0,
  "summary_bg_k": 33.03129669620593,
  "summary_bg_mad": 12.356017657437796,
  "summary_bg_mean": 64.34538123802763,
  "summary_bg_median": 34.593116760253906,
  "summary_bg_n": 351582.0,
  "summary_bg_p05": 24.325912475585938,
  "summary_bg_p95": 201.06680297851562,
  "summary_bg_stdv": 75.96247644667145,
  "summary_fg_k": 4.565200405528841,
  "summary_fg_mad": 225.87024921351434,
  "summary_fg_mean": 548.2379798854353,
  "summary_fg_median": 488.2571105957031,
  "summary_fg_n": 201378.0,
  "summary_fg_p05": 227.0809783935547,
  "summary_fg_p95": 1082.352294921875,
  "summary_fg_stdv": 280.84898253200515,
  "tsnr": 37.7835824447684
}