{
  "aor": 0.002398118811881188,
  "aqi": 0.005578388811881188,
  "bids_meta": {
    "dataset": "ds001510",
    "modality": "bold",
    "run_id": 1,
    "subject_id": "30",
    "task_id": "schemarecall"
  },
  "dummy_trs": 1,
  "dvars_nstd": 48.41450656910002,
  "dvars_std": 1.2516801556000003,
  "dvars_vstd": 1.0377020718999994,
  "efc": 0.6327114451303759,
  "fber": 134.9997100830078,
  "fd_mean": 0.1450318215939762,
  "fd_num": 22,
  "fd_perc": 21.782178217821784,
  "fwhm_avg": 3.085326666666667,
  "fwhm_x": 2.88263,
  "fwhm_y": 3.32269,
  "fwhm_z": 3.05066,
  "gcor": 0.0110459,
  "gsr_x": -0.007699273061007261,
  "gsr_y": 0.09382066130638123,
  "provenance": {
    "md5sum": "ad16fd441f3a4a2388617ae965aeaac4",
    "settings": {
      "fd_thres": 0.2,
      "testing": false
    },
    "software": "mriqc",
    "version": "23.1.0"
  },
  "size_t": 101,
  "size_x": 96,
  "size_y": 96,
  "size_z": 60,
  "snr": 1.699058506361445,
  "spacing_tr": 1.5,
  "spacing_x": 2.0,
  "spacing_y": 2.0,
  "spacing_z": 2.0,
  "summary_bg_k": 31.818438250477158,
  "summary_bg_mad": 12.227797767241032,
  "summary_bg_mean": 72.99665020995867,
  "summary_bg_median": 41.03960418701172,
  "summary_bg_n": 347956.0,
  "summary_bg_p05": 31.297029495239258,
  "summary_bg_p95": 217.99009704589844,
  "summary_bg_stdv": 80.3985403128187,
  "summary_fg_k": 4.703658973877213,
  "summary_fg_mad": 224.915186074802,
  "summary_fg_mean": 536.3494365504433,
  "summary_fg_median": 476.8366241455078,
  "summary_fg_n": 205004.0,
  "summary_fg_p05": 214.70297241210938,
  "summary_fg_p95": 1069.0594482421875,
  "summary_fg_stdv": 280.6468755285978,
  "tsnr": 41.38447873783298
}