{
  "aor": 0.0017447368421052631,
  "aqi": 0.0048216299220272905,
  "bids_meta": {
    "dataset": "ds001510",
    "modality": "bold",
    "run_id": 2,
    "subject_id": "01",
    "task_id": "perception"
  },
  "dummy_trs": 1,
  "dvars_nstd": 35.826009571425786,
  "dvars_std": 1.163855257382813,
  "dvars_vstd": 1.0148093031249992,
  "efc": 0.6083165570268968,
  "fber": 217.9105682373047,
  "fd_mean": 0.09038743636270571,
  "fd_num": 16,
  "fd_perc": 3.1189083820662766,
  "fwhm_avg": 2.859855,
  "fwhm_x": 2.596705,
  "fwhm_y": 3.04977,
  "fwhm_z": 2.93309,
  "gcor": 0.0117697,
  "gsr_x": -0.02306482568383217,
  "gsr_y": 0.09426210820674896,
  "provenance": {
    "md5sum": "79a415de9048a9effca4b4a180c7ab0a",
    "settings": {
      "fd_thres": 0.2,
      "testing": false
    },
    "software": "mriqc",
    "version": "23.1.0"
  },
  "size_t": 513,
  "size_x": 96,
  "size_y": 96,
  "size_z": 60,
  "snr": 1.7474543901242399,
  "spacing_tr": 1.5,
  "spacing_x": 2.0,
  "spacing_y": 2.0,
  "spacing_z": 2.0,
  "summary_bg_k": 26.144940648605328,
  "summary_bg_mad": 12.802980283804523,
  "summary_bg_mean": 62.953407181062,
  "summary_bg_median": 31.276803970336914,
  "summary_bg_n": 361750.0,
  "summary_bg_p05": 20.760234832763672,
  "summary_bg_p95": 215.2709503173828,
  "summary_bg_stdv": 82.1448870315962,
  "summary_fg_k": 3.8210009232982483,
  "summary_fg_mad": 211.0468060179131,
  "summary_fg_mean": 512.3641393051569,
  "summary_fg_median": 461.7017517089844,
  "summary_fg_n": 191210.0,
  "summary_fg_p05": 195.56919860839844,
  "summary_fg_p95": 1014.4600219726562,
  "summary_fg_stdv": 264.213216093535,
  "tsnr": 43.00448578223586
}