{
  "aor": 0.000885580589254766,
  "aqi": 0.006950393968804159,
  "bids_meta": {
    "dataset": "ds001510",
    "modality": "bold",
    "run_id": 3,
    "subject_id": "01",
    "task_id": "perception"
  },
  "dummy_trs": 1,
  "dvars_nstd": 36.11570535421874,
  "dvars_std": 1.1511503844444462,
  "dvars_vstd": 1.0016456169618062,
  "efc": 0.6110103211617378,
  "fber": 213.36050415039062,
  "fd_mean": 0.09580699260976451,
  "fd_num": 25,
  "fd_perc": 4.332755632582322,
  "fwhm_avg": 2.8697516666666663,
  "fwhm_x": 2.601675,
  "fwhm_y": 3.06528,
  "fwhm_z": 2.9423,
  "gcor": 0.00939497,
  "gsr_x": -0.02360253594815731,
  "gsr_y": 0.09650187194347382,
  "provenance": {
    "md5sum": "080c1143c2485b062066b30673867cda",
    "settings": {
      "fd_thres": 0.2,
      "testing": false
    },
    "software": "mriqc",
    "version": "23.1.0"
  },
  "size_t": 577,
  "size_x": 96,
  "size_y": 96,
  "size_z": 60,
  "snr": 1.750235434221447,
  "spacing_tr": 1.5,
  "spacing_x": 2.0,
  "spacing_y": 2.0,
  "spacing_z": 2.0,
  "summary_bg_k": 25.263504330130992,
  "summary_bg_mad": 13.25477144580071,
  "summary_bg_mean": 64.42610464116811,
  "summary_bg_median": 31.48266887664795,
  "summary_bg_n": 361250.0,
  "summary_bg_p05": 20.564990997314453,
  "summary_bg_p95": 221.6984405517578,
  "summary_bg_stdv": 84.98523718207984,
  "summary_fg_k": 3.8213210591717353,
  "summary_fg_mad": 210.14920457407084,
  "summary_fg_mean": 510.0301142130838,
  "summary_fg_median": 459.8630828857422,
  "summary_fg_n": 191710.0,
  "summary_fg_p05": 195.13345336914062,
  "summary_fg_p95": 1008.8648071289062,
  "summary_fg_stdv": 262.74287134237727,
  "tsnr": 38.26812737016007
}