{
  "aor": 0.0014246636771300448,
  "aqi": 0.007753625784753363,
  "bids_meta": {
    "dataset": "ds001510",
    "modality": "bold",
    "run_id": 2,
    "subject_id": "01",
    "task_id": "recall"
  },
  "dummy_trs": 0,
  "dvars_nstd": 44.363068672764065,
  "dvars_std": 1.1497295675505623,
  "dvars_vstd": 1.019813673932584,
  "efc": 0.6158634268082005,
  "fber": 200.13583374023438,
  "fd_mean": 0.17231259181706185,
  "fd_num": 128,
  "fd_perc": 28.699551569506728,
  "fwhm_avg": 2.8341833333333333,
  "fwhm_x": 2.575545,
  "fwhm_y": 3.0484,
  "fwhm_z": 2.878605,
  "gcor": 0.0299413,
  "gsr_x": -0.025362469255924225,
  "gsr_y": 0.10298553854227066,
  "provenance": {
    "md5sum": "14b6d4ce1627a7598e6e2dd10ab6c823",
    "settings": {
      "fd_thres": 0.2,
      "testing": false
    },
    "software": "mriqc",
    "version": "23.1.0"
  },
  "size_t": 446,
  "size_x": 96,
  "size_y": 96,
  "size_z": 60,
  "snr": 1.7538802345542805,
  "spacing_tr": 1.5,
  "spacing_x": 2.0,
  "spacing_y": 2.0,
  "spacing_z": 2.0,
  "summary_bg_k": 23.71526993312568,
  "summary_bg_mad": 13.76892212035962,
  "summary_bg_mean": 68.52960689264374,
  "summary_bg_median": 32.257850646972656,
  "summary_bg_n": 362187.0,
  "summary_bg_p05": 21.06502342224121,
  "summary_bg_p95": 241.23544311523438,
  "summary_bg_stdv": 92.90395234823829,
  "summary_fg_k": 3.946274116195747,
  "summary_fg_mad": 207.46124150345042,
  "summary_fg_mean": 505.9789514732025,
  "summary_fg_median": 456.34979248046875,
  "summary_fg_n": 190773.0,
  "summary_fg_p05": 192.9282684326172,
  "summary_fg_p95": 998.849853515625,
  "summary_fg_stdv": 260.1937050396268,
  "tsnr": 35.934971873648465
}