{
  "aor": 0.005070866141732282,
  "aqi": 0.020525818110236224,
  "bids_meta": {
    "dataset": "ds001510",
    "modality": "bold",
    "run_id": 1,
    "subject_id": "08",
    "task_id": "schemarecall"
  },
  "dummy_trs": 0,
  "dvars_nstd": 84.86177592801587,
  "dvars_std": 1.2566439204761912,
  "dvars_vstd": 1.033325978888889,
  "efc": 0.6183927226538664,
  "fber": 185.92172241210938,
  "fd_mean": 0.6915388298110864,
  "fd_num": 119,
  "fd_perc": 93.7007874015748,
  "fwhm_avg": 2.9174333913500146,
  "fwhm_x": 2.59878,
  "fwhm_y": 3.233445,
  "fwhm_z": 2.9200751740500435,
  "gcor": 0.0214212,
  "gsr_x": 0.02814297191798687,
  "gsr_y": 0.05449097603559494,
  "provenance": {
    "md5sum": "3fe4391fd40eac0a3ad29568d736be83",
    "settings": {
      "fd_thres": 0.2,
      "testing": false
    },
    "software": "mriqc",
    "version": "23.1.0"
  },
  "size_t": 127,
  "size_x": 96,
  "size_y": 96,
  "size_z": 60,
  "snr": 2.2519907338051484,
  "spacing_tr": 1.5,
  "spacing_x": 2.0,
  "spacing_y": 2.0,
  "spacing_z": 1.9999998807907104,
  "summary_bg_k": 52.10670464791266,
  "summary_bg_mad": 13.681966061439624,
  "summary_bg_mean": 57.40789675055615,
  "summary_bg_median": 31.976377487182617,
  "summary_bg_n": 377548.0,
  "summary_bg_p05": 20.535432815551758,
  "summary_bg_p95": 178.97637939453125,
  "summary_bg_stdv": 72.61751613685445,
  "summary_fg_k": 1.8741100735040561,
  "summary_fg_mad": 175.46073313945612,
  "summary_fg_mean": 465.04961150108124,
  "summary_fg_median": 436.00787353515625,
  "summary_fg_n": 175412.0,
  "summary_fg_p05": 208.63780212402344,
  "summary_fg_p95": 819.9212646484375,
  "summary_fg_stdv": 193.60942484244714,
  "tsnr": 23.980881799943745
}