{
  "aor": 0.0007296363636363636,
  "aqi": 0.01029019002020202,
  "bids_meta": {
    "dataset": "ds001510",
    "modality": "bold",
    "run_id": 2,
    "subject_id": "08",
    "task_id": "perception"
  },
  "dummy_trs": 1,
  "dvars_nstd": 41.03825918190284,
  "dvars_std": 1.058761260020244,
  "dvars_vstd": 0.9756975409311734,
  "efc": 0.6133268808507533,
  "fber": 204.27117919921875,
  "fd_mean": 0.21572528241370012,
  "fd_num": 254,
  "fd_perc": 51.313131313131315,
  "fwhm_avg": 2.9205083912943834,
  "fwhm_x": 2.635945,
  "fwhm_y": 3.208305,
  "fwhm_z": 2.9172751738831506,
  "gcor": 0.00527056,
  "gsr_x": 0.0281746257096529,
  "gsr_y": 0.055479995906353,
  "provenance": {
    "md5sum": "b70d865acf7b2067debb6dbd936f65c3",
    "settings": {
      "fd_thres": 0.2,
      "testing": false
    },
    "software": "mriqc",
    "version": "23.1.0"
  },
  "size_t": 495,
  "size_x": 96,
  "size_y": 96,
  "size_z": 60,
  "snr": 2.2150797597659326,
  "spacing_tr": 1.5,
  "spacing_x": 2.0,
  "spacing_y": 2.0,
  "spacing_z": 1.9999998807907104,
  "summary_bg_k": 55.25617767168031,
  "summary_bg_mad": 14.241965908723717,
  "summary_bg_mean": 57.23949597332766,
  "summary_bg_median": 31.200000762939453,
  "summary_bg_n": 376239.0,
  "summary_bg_p05": 18.513132095336914,
  "summary_bg_p95": 180.7252655029297,
  "summary_bg_stdv": 77.48376309993863,
  "summary_fg_k": 2.1992748482128857,
  "summary_fg_mad": 180.6618309429191,
  "summary_fg_mean": 477.08489991879765,
  "summary_fg_median": 445.9212341308594,
  "summary_fg_n": 176721.0,
  "summary_fg_p05": 213.6848602294922,
  "summary_fg_p95": 845.92529296875,
  "summary_fg_stdv": 201.31102300487098,
  "tsnr": 30.96763885905966
}