{
  "aor": 0.001193778801843318,
  "aqi": 0.006266727741935484,
  "bids_meta": {
    "dataset": "ds001510",
    "modality": "bold",
    "run_id": 1,
    "subject_id": "10",
    "task_id": "schemarecall"
  },
  "dummy_trs": 1,
  "dvars_nstd": 53.44345830962964,
  "dvars_std": 1.2907327690277781,
  "dvars_vstd": 1.01390656625,
  "efc": 0.6104229627908552,
  "fber": 196.0652618408203,
  "fd_mean": 0.18116025440509861,
  "fd_num": 72,
  "fd_perc": 33.17972350230415,
  "fwhm_avg": 3.0845016666666667,
  "fwhm_x": 2.92906,
  "fwhm_y": 3.254215,
  "fwhm_z": 3.07023,
  "gcor": 0.0175954,
  "gsr_x": 0.01255355216562748,
  "gsr_y": 0.07297197729349136,
  "provenance": {
    "md5sum": "cc44ec718ba494551b161bb0585852e9",
    "settings": {
      "fd_thres": 0.2,
      "testing": false
    },
    "software": "mriqc",
    "version": "23.1.0"
  },
  "size_t": 217,
  "size_x": 96,
  "size_y": 96,
  "size_z": 60,
  "snr": 1.579639126590114,
  "spacing_tr": 1.5,
  "spacing_x": 2.0,
  "spacing_y": 2.0,
  "spacing_z": 2.0,
  "summary_bg_k": 16.72959687966607,
  "summary_bg_mad": 17.63408641920136,
  "summary_bg_mean": 69.42513676109444,
  "summary_bg_median": 34.58525466918945,
  "summary_bg_n": 353308.0,
  "summary_bg_p05": 20.156681060791016,
  "summary_bg_p95": 226.7142791748047,
  "summary_bg_stdv": 82.8799207647752,
  "summary_fg_k": 5.255010029434851,
  "summary_fg_mad": 233.94029180372388,
  "summary_fg_mean": 553.4481112393173,
  "summary_fg_median": 484.27418518066406,
  "summary_fg_n": 199652.0,
  "summary_fg_p05": 213.18893432617188,
  "summary_fg_p95": 1135.4930419921875,
  "summary_fg_stdv": 306.57190255143473,
  "tsnr": 35.351137448102236
}