{
  "aor": 0.0011229479768786127,
  "aqi": 0.005104280134874759,
  "bids_meta": {
    "dataset": "ds001510",
    "modality": "bold",
    "run_id": 2,
    "subject_id": "10",
    "task_id": "perception"
  },
  "dummy_trs": 1,
  "dvars_nstd": 36.71853200633202,
  "dvars_std": 1.1627212874710435,
  "dvars_vstd": 1.0096239354440157,
  "efc": 0.605144235856192,
  "fber": 224.55270385742188,
  "fd_mean": 0.09304605389765427,
  "fd_num": 24,
  "fd_perc": 4.624277456647399,
  "fwhm_avg": 3.0023416666666667,
  "fwhm_x": 2.874105,
  "fwhm_y": 3.17004,
  "fwhm_z": 2.96288,
  "gcor": 0.0151934,
  "gsr_x": 0.011497660540044308,
  "gsr_y": 0.06537904590368271,
  "provenance": {
    "md5sum": "e67687d18c35f6612e115bb48b81c179",
    "settings": {
      "fd_thres": 0.2,
      "testing": false
    },
    "software": "mriqc",
    "version": "23.1.0"
  },
  "size_t": 519,
  "size_x": 96,
  "size_y": 96,
  "size_z": 60,
  "snr": 1.6655911486169597,
  "spacing_tr": 1.5,
  "spacing_x": 2.0,
  "spacing_y": 2.0,
  "spacing_z": 2.0,
  "summary_bg_k": 21.579828326766286,
  "summary_bg_mad": 16.11008746097121,
  "summary_bg_mean": 64.93444979515566,
  "summary_bg_median": 32.61367988586426,
  "summary_bg_n": 358766.0,
  "summary_bg_p05": 19.221580505371094,
  "summary_bg_p95": 212.13487243652344,
  "summary_bg_stdv": 79.22744047165048,
  "summary_fg_k": 4.756362040288329,
  "summary_fg_mad": 227.18379188644357,
  "summary_fg_mean": 554.4640808773553,
  "summary_fg_median": 488.71868896484375,
  "summary_fg_n": 194194.0,
  "summary_fg_p05": 224.7052001953125,
  "summary_fg_p95": 1113.0655517578125,
  "summary_fg_stdv": 293.41980536046384,
  "tsnr": 41.010878312867135
}