{
  "aor": 0.0004908180839612487,
  "aqi": 0.011181902120559742,
  "bids_meta": {
    "dataset": "ds001510",
    "modality": "bold",
    "run_id": 1,
    "subject_id": "12",
    "task_id": "recall"
  },
  "dummy_trs": 0,
  "dvars_nstd": 49.53063273004315,
  "dvars_std": 1.1256480864547418,
  "dvars_vstd": 0.9778310371551732,
  "efc": 0.5703605831280509,
  "fber": 328.8746337890625,
  "fd_mean": 0.23366794120242015,
  "fd_num": 527,
  "fd_perc": 56.727664155005385,
  "fwhm_avg": 2.875905,
  "fwhm_x": 2.657535,
  "fwhm_y": 3.03722,
  "fwhm_z": 2.93296,
  "gcor": 0.0158328,
  "gsr_x": -0.003170012030750513,
  "gsr_y": 0.04274189472198486,
  "provenance": {
    "md5sum": "dbda08214ba791a4d9a6dd3c67f55362",
    "settings": {
      "fd_thres": 0.2,
      "testing": false
    },
    "software": "mriqc",
    "version": "23.1.0"
  },
  "size_t": 929,
  "size_x": 96,
  "size_y": 96,
  "size_z": 60,
  "snr": 1.8389031396280964,
  "spacing_tr": 1.5,
  "spacing_x": 2.0,
  "spacing_y": 2.0,
  "spacing_z": 2.0,
  "summary_bg_k": 63.94790294790219,
  "summary_bg_mad": 9.401516592231866,
  "summary_bg_mean": 47.21458682732665,
  "summary_bg_median": 26.4198055267334,
  "summary_bg_n": 378781.0,
  "summary_bg_p05": 17.636167526245117,
  "summary_bg_p95": 156.17007446289062,
  "summary_bg_stdv": 61.960777919048034,
  "summary_fg_k": 3.523762866705428,
  "summary_fg_mad": 207.66004991861502,
  "summary_fg_mean": 533.6545950925598,
  "summary_fg_median": 479.12054443359375,
  "summary_fg_n": 174179.0,
  "summary_fg_p05": 223.881591796875,
  "summary_fg_p95": 1042.80517578125,
  "summary_fg_stdv": 260.546169473741,
  "tsnr": 29.160225378582254
}