{
  "aor": 0.002220937950937951,
  "aqi": 0.011983956147186146,
  "bids_meta": {
    "dataset": "ds001510",
    "modality": "bold",
    "run_id": 2,
    "subject_id": "25",
    "task_id": "recall"
  },
  "dummy_trs": 0,
  "dvars_nstd": 82.28605873193631,
  "dvars_std": 1.3700644776011566,
  "dvars_vstd": 1.0339044761994223,
  "efc": 0.5694330157447471,
  "fber": 270.7630615234375,
  "fd_mean": 0.4866432134944403,
  "fd_num": 642,
  "fd_perc": 92.64069264069263,
  "fwhm_avg": 3.1662700000000004,
  "fwhm_x": 3.03502,
  "fwhm_y": 3.272265,
  "fwhm_z": 3.191525,
  "gcor": 0.0325786,
  "gsr_x": -0.001498584751971066,
  "gsr_y": 0.046807922422885895,
  "provenance": {
    "md5sum": "a4d005de63b65a369fe00e27ad23c9da",
    "settings": {
      "fd_thres": 0.2,
      "testing": false
    },
    "software": "mriqc",
    "version": "23.1.0"
  },
  "size_t": 693,
  "size_x": 96,
  "size_y": 96,
  "size_z": 60,
  "snr": 1.9348403454323184,
  "spacing_tr": 1.5,
  "spacing_x": 2.0,
  "spacing_y": 2.0,
  "spacing_z": 2.0,
  "summary_bg_k": 34.50547358684319,
  "summary_bg_mad": 8.529778566759756,
  "summary_bg_mean": 56.72557570495522,
  "summary_bg_median": 33.83549880981445,
  "summary_bg_n": 391515.0,
  "summary_bg_p05": 26.414140701293945,
  "summary_bg_p95": 176.62338256835938,
  "summary_bg_stdv": 62.101951501981496,
  "summary_fg_k": 3.033133495231019,
  "summary_fg_mad": 248.97451083046855,
  "summary_fg_mean": 611.927811929512,
  "summary_fg_median": 556.759033203125,
  "summary_fg_n": 161445.0,
  "summary_fg_p05": 265.79510498046875,
  "summary_fg_p95": 1155.8297119140625,
  "summary_fg_stdv": 287.753617612648,
  "tsnr": 29.131355530116707
}