{
  "aor": 0.004131138211382114,
  "aqi": 0.011564087967479677,
  "bids_meta": {
    "dataset": "ds001510",
    "modality": "bold",
    "run_id": 1,
    "subject_id": "23",
    "task_id": "perception"
  },
  "dummy_trs": 1,
  "dvars_nstd": 32.890470990386966,
  "dvars_std": 0.9855131399592661,
  "dvars_vstd": 0.9590744123421593,
  "efc": 0.5495690005798631,
  "fber": 426.70361328125,
  "fd_mean": 0.1902369427209907,
  "fd_num": 77,
  "fd_perc": 15.65040650406504,
  "fwhm_avg": 2.8071566666666663,
  "fwhm_x": 2.64754,
  "fwhm_y": 2.938655,
  "fwhm_z": 2.835275,
  "gcor": 0.019411,
  "gsr_x": 0.007262089289724827,
  "gsr_y": 0.04623187705874443,
  "provenance": {
    "md5sum": "14c777d0217571a60cd6f7da78fbac29",
    "settings": {
      "fd_thres": 0.2,
      "testing": false
    },
    "software": "mriqc",
    "version": "23.1.0"
  },
  "size_t": 492,
  "size_x": 96,
  "size_y": 96,
  "size_z": 60,
  "snr": 2.0966519992267663,
  "spacing_tr": 1.5,
  "spacing_x": 2.0,
  "spacing_y": 2.0,
  "spacing_z": 2.0,
  "summary_bg_k": 35.17923087891126,
  "summary_bg_mad": 7.253300383725292,
  "summary_bg_mean": 42.11290411897909,
  "summary_bg_median": 23.973575592041016,
  "summary_bg_n": 398409.0,
  "summary_bg_p05": 16.89634132385254,
  "summary_bg_p95": 135.92478942871094,
  "summary_bg_stdv": 56.05684227527011,
  "summary_fg_k": 5.8661727989863515,
  "summary_fg_mad": 189.65852254240917,
  "summary_fg_mean": 533.0590366864338,
  "summary_fg_median": 495.21746826171875,
  "summary_fg_n": 154551.0,
  "summary_fg_p05": 246.9796600341797,
  "summary_fg_p95": 957.6218872070312,
  "summary_fg_stdv": 236.19363934743853,
  "tsnr": 31.077892436645925
}