{
  "aor": 0.008733512974051899,
  "aqi": 0.013180480698602797,
  "bids_meta": {
    "dataset": "ds001510",
    "modality": "bold",
    "run_id": 4,
    "subject_id": "23",
    "task_id": "perception"
  },
  "dummy_trs": 1,
  "dvars_nstd": 36.922592422379964,
  "dvars_std": 1.0174334897600001,
  "dvars_vstd": 1.0011296343,
  "efc": 0.5517754678180631,
  "fber": 409.0989074707031,
  "fd_mean": 0.21487370926107838,
  "fd_num": 89,
  "fd_perc": 17.764471057884233,
  "fwhm_avg": 2.8755,
  "fwhm_x": 2.69421,
  "fwhm_y": 2.99419,
  "fwhm_z": 2.9381,
  "gcor": 0.0690617,
  "gsr_x": 0.0056816390715539455,
  "gsr_y": 0.04566550999879837,
  "provenance": {
    "md5sum": "c179cc570ed5619bc6c0e0a1a2adfa6b",
    "settings": {
      "fd_thres": 0.2,
      "testing": false
    },
    "software": "mriqc",
    "version": "23.1.0"
  },
  "size_t": 501,
  "size_x": 96,
  "size_y": 96,
  "size_z": 60,
  "snr": 2.0374431899747254,
  "spacing_tr": 1.5,
  "spacing_x": 2.0,
  "spacing_y": 2.0,
  "spacing_z": 2.0,
  "summary_bg_k": 33.958795415067094,
  "summary_bg_mad": 7.279842483530921,
  "summary_bg_mean": 44.13435118775146,
  "summary_bg_median": 24.628742218017578,
  "summary_bg_n": 397518.0,
  "summary_bg_p05": 17.87624740600586,
  "summary_bg_p95": 144.05589294433594,
  "summary_bg_stdv": 58.39174867337896,
  "summary_fg_k": 6.259175980320508,
  "summary_fg_mad": 193.5195412288159,
  "summary_fg_mean": 539.2287641106956,
  "summary_fg_median": 498.1457061767578,
  "summary_fg_n": 155442.0,
  "summary_fg_p05": 249.12374877929688,
  "summary_fg_p95": 978.8922119140625,
  "summary_fg_stdv": 244.4947207720751,
  "tsnr": 28.317599616246298
}