{
  "aor": 0.0013556287425149699,
  "aqi": 0.004491968483033932,
  "bids_meta": {
    "dataset": "ds001510",
    "modality": "bold",
    "run_id": 1,
    "subject_id": "10",
    "task_id": "perception"
  },
  "dummy_trs": 0,
  "dvars_nstd": 35.369913749800006,
  "dvars_std": 1.1464341945999994,
  "dvars_vstd": 1.0095608090800003,
  "efc": 0.6035467780076189,
  "fber": 232.5360107421875,
  "fd_mean": 0.08840306378085377,
  "fd_num": 10,
  "fd_perc": 1.996007984031936,
  "fwhm_avg": 3.0093566666666667,
  "fwhm_x": 2.8692,
  "fwhm_y": 3.17699,
  "fwhm_z": 2.98188,
  "gcor": 0.0127696,
  "gsr_x": 0.012169853784143925,
  "gsr_y": 0.06433428823947906,
  "provenance": {
    "md5sum": "2334c2f26e521abf5c57260f644bf1e9",
    "settings": {
      "fd_thres": 0.2,
      "testing": false
    },
    "software": "mriqc",
    "version": "23.1.0"
  },
  "size_t": 501,
  "size_x": 96,
  "size_y": 96,
  "size_z": 60,
  "snr": 1.6708724254088727,
  "spacing_tr": 1.5,
  "spacing_x": 2.0,
  "spacing_y": 2.0,
  "spacing_z": 2.0,
  "summary_bg_k": 20.795764240433122,
  "summary_bg_mad": 15.30246503627611,
  "summary_bg_mean": 63.7446125604784,
  "summary_bg_median": 32.16766357421875,
  "summary_bg_n": 358921.0,
  "summary_bg_p05": 19.27145767211914,
  "summary_bg_p95": 207.6966094970703,
  "summary_bg_stdv": 77.24948074587606,
  "summary_fg_k": 4.79839764567624,
  "summary_fg_mad": 227.2139479648931,
  "summary_fg_mean": 556.5620384118232,
  "summary_fg_median": 490.5289306640625,
  "summary_fg_n": 194039.0,
  "summary_fg_p05": 226.7704620361328,
  "summary_fg_p95": 1113.6307373046875,
  "summary_fg_stdv": 293.5757746715341,
  "tsnr": 40.39003557432443
}