{
  "aor": 0.0020581941747572817,
  "aqi": 0.0058073441747572814,
  "bids_meta": {
    "dataset": "ds001510",
    "modality": "bold",
    "run_id": 1,
    "subject_id": "26",
    "task_id": "perception"
  },
  "dummy_trs": 1,
  "dvars_nstd": 29.536547820291823,
  "dvars_std": 1.112117557879376,
  "dvars_vstd": 0.9982137075486386,
  "efc": 0.5767418732947657,
  "fber": 371.1364440917969,
  "fd_mean": 0.08148182025249007,
  "fd_num": 7,
  "fd_perc": 1.3592233009708738,
  "fwhm_avg": 3.00316,
  "fwhm_x": 2.839015,
  "fwhm_y": 3.14782,
  "fwhm_z": 3.022645,
  "gcor": 0.016295,
  "gsr_x": -0.00490726251155138,
  "gsr_y": 0.06572207063436508,
  "provenance": {
    "md5sum": "3c0938e393838edbe29ef1d44629f24e",
    "settings": {
      "fd_thres": 0.2,
      "testing": false
    },
    "software": "mriqc",
    "version": "23.1.0"
  },
  "size_t": 515,
  "size_x": 96,
  "size_y": 96,
  "size_z": 60,
  "snr": 1.8522500398551482,
  "spacing_tr": 1.5,
  "spacing_x": 2.0,
  "spacing_y": 2.0,
  "spacing_z": 2.0,
  "summary_bg_k": 25.10744958826232,
  "summary_bg_mad": 11.204442309084222,
  "summary_bg_mean": 59.296531943896184,
  "summary_bg_median": 28.53592300415039,
  "summary_bg_n": 380694.0,
  "summary_bg_p05": 19.51650619506836,
  "summary_bg_p95": 212.2174835205078,
  "summary_bg_stdv": 76.9709162909292,
  "summary_fg_k": 3.8140322220215044,
  "summary_fg_mad": 245.31021926949097,
  "summary_fg_mean": 611.9038658145612,
  "summary_fg_median": 549.7417602539062,
  "summary_fg_n": 172266.0,
  "summary_fg_p05": 271.09515380859375,
  "summary_fg_p95": 1175.871826171875,
  "summary_fg_stdv": 296.7958714017427,
  "tsnr": 43.117294451221824
}