{
  "aor": 0.0005885425101214575,
  "aqi": 0.004712564979757084,
  "bids_meta": {
    "dataset": "ds001510",
    "modality": "bold",
    "run_id": 4,
    "subject_id": "26",
    "task_id": "perception"
  },
  "dummy_trs": 1,
  "dvars_nstd": 27.85825434162272,
  "dvars_std": 1.0840925024137937,
  "dvars_vstd": 0.9901924572210948,
  "efc": 0.5780287681359412,
  "fber": 366.56494140625,
  "fd_mean": 0.08032294637004617,
  "fd_num": 4,
  "fd_perc": 0.8097165991902834,
  "fwhm_avg": 2.98324,
  "fwhm_x": 2.834095,
  "fwhm_y": 3.138985,
  "fwhm_z": 2.97664,
  "gcor": 0.0118426,
  "gsr_x": -0.004318474791944027,
  "gsr_y": 0.06267204135656357,
  "provenance": {
    "md5sum": "9598cb67de524da509234441abfef95b",
    "settings": {
      "fd_thres": 0.2,
      "testing": false
    },
    "software": "mriqc",
    "version": "23.1.0"
  },
  "size_t": 494,
  "size_x": 96,
  "size_y": 96,
  "size_z": 60,
  "snr": 1.8499510399663146,
  "spacing_tr": 1.5,
  "spacing_x": 2.0,
  "spacing_y": 2.0,
  "spacing_z": 2.0,
  "summary_bg_k": 23.87873101886042,
  "summary_bg_mad": 10.612309723669789,
  "summary_bg_mean": 59.25478905071695,
  "summary_bg_median": 28.459514617919922,
  "summary_bg_n": 380112.0,
  "summary_bg_p05": 19.870445251464844,
  "summary_bg_p95": 211.80972290039062,
  "summary_bg_stdv": 76.36358576561844,
  "summary_fg_k": 3.959079177763159,
  "summary_fg_mad": 242.54803107254432,
  "summary_fg_mean": 605.9525998605409,
  "summary_fg_median": 544.8825988769531,
  "summary_fg_n": 172848.0,
  "summary_fg_p05": 267.7854309082031,
  "summary_fg_p95": 1165.8138427734375,
  "summary_fg_stdv": 294.5380774480039,
  "tsnr": 46.645428269170225
}