{
  "aor": 0.0005090078917700113,
  "aqi": 0.006358609109357385,
  "bids_meta": {
    "dataset": "ds001510",
    "modality": "bold",
    "run_id": 2,
    "subject_id": "26",
    "task_id": "recall"
  },
  "dummy_trs": 0,
  "dvars_nstd": 33.868572661343094,
  "dvars_std": 1.1165188789729124,
  "dvars_vstd": 0.9946695340970646,
  "efc": 0.5801777807211895,
  "fber": 348.8811340332031,
  "fd_mean": 0.14125993854285093,
  "fd_num": 151,
  "fd_perc": 17.023675310033823,
  "fwhm_avg": 3.02913,
  "fwhm_x": 2.852935,
  "fwhm_y": 3.186065,
  "fwhm_z": 3.04839,
  "gcor": 0.023112,
  "gsr_x": -0.0005061390693299472,
  "gsr_y": 0.06293688714504242,
  "provenance": {
    "md5sum": "9b2f204244605eec297939e55280513d",
    "settings": {
      "fd_thres": 0.2,
      "testing": false
    },
    "software": "mriqc",
    "version": "23.1.0"
  },
  "size_t": 887,
  "size_x": 96,
  "size_y": 96,
  "size_z": 60,
  "snr": 1.8354696256572678,
  "spacing_tr": 1.5,
  "spacing_x": 2.0,
  "spacing_y": 2.0,
  "spacing_z": 2.0,
  "summary_bg_k": 24.474549313089103,
  "summary_bg_mad": 11.411188469204543,
  "summary_bg_mean": 60.98675138381007,
  "summary_bg_median": 29.376548767089844,
  "summary_bg_n": 379073.0,
  "summary_bg_p05": 19.928972244262695,
  "summary_bg_p95": 217.191650390625,
  "summary_bg_stdv": 78.45112325102042,
  "summary_fg_k": 3.969600565711769,
  "summary_fg_mad": 246.23566927490216,
  "summary_fg_mean": 610.1603125116211,
  "summary_fg_median": 548.7057495117188,
  "summary_fg_n": 173887.0,
  "summary_fg_p05": 266.9131774902344,
  "summary_fg_p95": 1175.7913818359375,
  "summary_fg_stdv": 298.94483900689085,
  "tsnr": 40.08655082760379
}