{
  "aor": 0.0009058248472505093,
  "aqi": 0.0038841419959266803,
  "bids_meta": {
    "dataset": "ds001510",
    "modality": "bold",
    "run_id": 2,
    "subject_id": "26",
    "task_id": "perception"
  },
  "dummy_trs": 2,
  "dvars_nstd": 26.02273886548979,
  "dvars_std": 1.0632620537755104,
  "dvars_vstd": 1.004560205755101,
  "efc": 0.5772713797462978,
  "fber": 369.8040466308594,
  "fd_mean": 0.08205798624052864,
  "fd_num": 2,
  "fd_perc": 0.4073319755600815,
  "fwhm_avg": 2.9708583333333336,
  "fwhm_x": 2.80876,
  "fwhm_y": 3.1155,
  "fwhm_z": 2.988315,
  "gcor": 0.00998106,
  "gsr_x": -0.003954534884542227,
  "gsr_y": 0.06429541856050491,
  "provenance": {
    "md5sum": "f54a1e5bbaf8cf8253d8a7c3059ded43",
    "settings": {
      "fd_thres": 0.2,
      "testing": false
    },
    "software": "mriqc",
    "version": "23.1.0"
  },
  "size_t": 491,
  "size_x": 96,
  "size_y": 96,
  "size_z": 60,
  "snr": 1.8607081931125302,
  "spacing_tr": 1.5,
  "spacing_x": 2.0,
  "spacing_y": 2.0,
  "spacing_z": 2.0,
  "summary_bg_k": 25.0660117359136,
  "summary_bg_mad": 10.646956410950692,
  "summary_bg_mean": 58.86169638157162,
  "summary_bg_median": 28.41547966003418,
  "summary_bg_n": 380666.0,
  "summary_bg_p05": 19.7291259765625,
  "summary_bg_p95": 211.04888916015625,
  "summary_bg_stdv": 75.79886485823009,
  "summary_fg_k": 3.8701689206193457,
  "summary_fg_mad": 242.3586563293328,
  "summary_fg_mean": 607.7660824935617,
  "summary_fg_median": 546.4379272460938,
  "summary_fg_n": 172294.0,
  "summary_fg_p05": 270.3381042480469,
  "summary_fg_p95": 1163.6864013671875,
  "summary_fg_stdv": 293.6711642882322,
  "tsnr": 48.32905946765095
}