{
  "bids_meta": {
    "dataset": "ds001510",
    "modality": "T1w",
    "subject_id": "13"
  },
  "cjv": 0.5804382562428635,
  "cnr": 1.8332368560624963,
  "efc": 0.5783370364440571,
  "fber": 2963.326073685723,
  "fwhm_avg": 4.08225,
  "fwhm_x": 3.98671,
  "fwhm_y": 4.10567,
  "fwhm_z": 4.15437,
  "icvs_csf": 0.2520288670946535,
  "icvs_gm": 0.39257383205845625,
  "icvs_wm": 0.35539730084689036,
  "inu_med": 0.6751376986503601,
  "inu_range": 0.35468330383300783,
  "provenance": {
    "md5sum": "ced7aafbca97b5dec02cdfe21123d22d",
    "settings": {
      "testing": false
    },
    "software": "mriqc",
    "version": "23.1.0",
    "warnings": {
      "large_rot_frame": true,
      "small_air_mask": false
    }
  },
  "qi_1": 0.0,
  "qi_2": 0.00042799586030050875,
  "rpve_csf": 6.6483180968232265,
  "rpve_gm": 6.566189606806641,
  "rpve_wm": 6.668750143415816,
  "size_x": 176,
  "size_y": 256,
  "size_z": 256,
  "snr_csf": 2.18842316810647,
  "snr_gm": 6.1856606705893045,
  "snr_total": 5.836723050595924,
  "snr_wm": 9.136085313091998,
  "snrd_csf": 18.646657416929795,
  "snrd_gm": 27.723168712958813,
  "snrd_total": 28.53793156906434,
  "snrd_wm": 39.24396857730442,
  "spacing_x": 1.0,
  "spacing_y": 1.0,
  "spacing_z": 1.0,
  "summary_bg_k": 597.093781954419,
  "summary_bg_mad": 15.928073130599117,
  "summary_bg_mean": 15.63171349989238,
  "summary_bg_median": 10.743322066962719,
  "summary_bg_n": 3801186.0,
  "summary_bg_p05": 0.0,
  "summary_bg_p95": 48.974062755703926,
  "summary_bg_stdv": 23.766953143887832,
  "summary_csf_k": -0.29088197232205326,
  "summary_csf_mad": 155.5498312934184,
  "summary_csf_mean": 446.1022267693796,
  "summary_csf_median": 453.34883388876915,
  "summary_csf_n": 429583.960227891,
  "summary_csf_p05": 115.99884231761098,
  "summary_csf_p95": 762.2435399852693,
  "summary_csf_stdv": 207.1575154362786,
  "summary_gm_k": -0.6330348938731705,
  "summary_gm_mad": 84.08874643721695,
  "summary_gm_mean": 679.0626935261033,
  "summary_gm_median": 674.0224763453007,
  "summary_gm_n": 669143.2747431026,
  "summary_gm_p05": 507.06544422358274,
  "summary_gm_p95": 871.5157076753676,
  "summary_gm_stdv": 108.96523566253785,
  "summary_wm_k": -0.14879705794993558,
  "summary_wm_mad": 78.49239641835781,
  "summary_wm_mean": 931.2742842588427,
  "summary_wm_median": 954.123143568635,
  "summary_wm_n": 605775.7657370715,
  "summary_wm_p05": 727.1099732257426,
  "summary_wm_p95": 1068.5250055789948,
  "summary_wm_stdv": 104.43448406500058,
  "tpm_overlap_csf": 0.23800803250441419,
  "tpm_overlap_gm": 0.5363950297611729,
  "tpm_overlap_wm": 0.5548492305157368,
  "wm2max": 0.437203886448925
}