{
  "bids_meta": {
    "dataset": "ds001510",
    "modality": "T1w",
    "subject_id": "10"
  },
  "cjv": 0.5751761985080854,
  "cnr": 1.7596534399558033,
  "efc": 0.563384551251505,
  "fber": 2841.941083118429,
  "fwhm_avg": 4.239683333333333,
  "fwhm_x": 4.12967,
  "fwhm_y": 4.26732,
  "fwhm_z": 4.32206,
  "icvs_csf": 0.26458658858882295,
  "icvs_gm": 0.3824266616825202,
  "icvs_wm": 0.3529867497286569,
  "inu_med": 0.619171142578125,
  "inu_range": 0.33586933612823455,
  "provenance": {
    "md5sum": "879ab50519c31ea157a66035ff2c4b52",
    "settings": {
      "testing": false
    },
    "software": "mriqc",
    "version": "23.1.0",
    "warnings": {
      "large_rot_frame": true,
      "small_air_mask": false
    }
  },
  "qi_1": 0.0,
  "qi_2": 0.000454131638758569,
  "rpve_csf": 6.388403053263368,
  "rpve_gm": 6.303054440841781,
  "rpve_wm": 6.3968762026188655,
  "size_x": 176,
  "size_y": 256,
  "size_z": 256,
  "snr_csf": 1.7887516882758783,
  "snr_gm": 5.325150885572439,
  "snr_total": 6.023419763132111,
  "snr_wm": 10.956356715548015,
  "snrd_csf": 22.51030408000692,
  "snrd_gm": 41.15121127048212,
  "snrd_total": 40.47396939797395,
  "snrd_wm": 57.760392843432804,
  "spacing_x": 1.0,
  "spacing_y": 1.0,
  "spacing_z": 1.0,
  "summary_bg_k": 2233.85924009485,
  "summary_bg_mad": 10.947057107998008,
  "summary_bg_mean": 12.557011881134118,
  "summary_bg_median": 7.383677814155817,
  "summary_bg_n": 3583095.0,
  "summary_bg_p05": 0.0,
  "summary_bg_p95": 39.45774916559458,
  "summary_bg_stdv": 21.02256654835815,
  "summary_csf_k": -0.7797180995202759,
  "summary_csf_mad": 172.2568668740004,
  "summary_csf_mean": 386.94505847446214,
  "summary_csf_median": 376.1378306597471,
  "summary_csf_n": 470195.5039068591,
  "summary_csf_p05": 74.18838184699416,
  "summary_csf_p95": 727.7806031741202,
  "summary_csf_stdv": 210.27928758621115,
  "summary_gm_k": -0.5431493391568316,
  "summary_gm_mad": 93.19478776068145,
  "summary_gm_mean": 693.990811314269,
  "summary_gm_median": 687.6196465976536,
  "summary_gm_n": 679608.508716479,
  "summary_gm_p05": 487.63527236133814,
  "summary_gm_p95": 936.1643992625177,
  "summary_gm_stdv": 129.12669621559738,
  "summary_wm_k": 0.07825779827798973,
  "summary_wm_mad": 66.43531483001966,
  "summary_wm_mean": 946.870147762747,
  "summary_wm_median": 965.1521714217961,
  "summary_wm_n": 627290.9883540539,
  "summary_wm_p05": 773.5281519591808,
  "summary_wm_p95": 1063.874678492546,
  "summary_wm_stdv": 88.09054206404741,
  "tpm_overlap_csf": 0.2161433711895221,
  "tpm_overlap_gm": 0.527474824951184,
  "tpm_overlap_wm": 0.5560750414391918,
  "wm2max": 0.4627097692538208
}