{
  "aor": 0.0054625152129817445,
  "aqi": 0.01611869401622718,
  "bids_meta": {
    "dataset": "ds001510",
    "modality": "bold",
    "run_id": 3,
    "subject_id": "21",
    "task_id": "perception"
  },
  "dummy_trs": 3,
  "dvars_nstd": 45.12900346678863,
  "dvars_std": 0.9507397774593501,
  "dvars_vstd": 0.9080512674186989,
  "efc": 0.6361987985554668,
  "fber": 157.6674041748047,
  "fd_mean": 0.23897498365867836,
  "fd_num": 103,
  "fd_perc": 20.892494929006084,
  "fwhm_avg": 3.2960883333333335,
  "fwhm_x": 3.010515,
  "fwhm_y": 3.521075,
  "fwhm_z": 3.356675,
  "gcor": 0.0214505,
  "gsr_x": -0.007441775873303413,
  "gsr_y": 0.07540962100028992,
  "provenance": {
    "md5sum": "b9428ecb67679b3ecbe74c5c1fc01362",
    "settings": {
      "fd_thres": 0.2,
      "testing": false
    },
    "software": "mriqc",
    "version": "23.1.0"
  },
  "size_t": 493,
  "size_x": 96,
  "size_y": 96,
  "size_z": 60,
  "snr": 1.6008495552552455,
  "spacing_tr": 1.5,
  "spacing_x": 2.0,
  "spacing_y": 2.0,
  "spacing_z": 2.0,
  "summary_bg_k": 20.850641569476725,
  "summary_bg_mad": 20.20910275976248,
  "summary_bg_mean": 77.44269892428161,
  "summary_bg_median": 42.257606506347656,
  "summary_bg_n": 327750.0,
  "summary_bg_p05": 24.300201416015625,
  "summary_bg_p95": 242.69573974609375,
  "summary_bg_stdv": 86.78398188006962,
  "summary_fg_k": 3.721180077005034,
  "summary_fg_mad": 263.8821105240684,
  "summary_fg_mean": 611.0830580190382,
  "summary_fg_median": 530.6105346679688,
  "summary_fg_n": 225210.0,
  "summary_fg_p05": 242.35293579101562,
  "summary_fg_p95": 1255.158203125,
  "summary_fg_stdv": 331.45485463625374,
  "tsnr": 24.360794858657755
}