{
  "aor": 0.001402236842105263,
  "aqi": 0.02227851194331984,
  "bids_meta": {
    "dataset": "ds001510",
    "modality": "bold",
    "run_id": 1,
    "subject_id": "11",
    "task_id": "recall"
  },
  "dummy_trs": 0,
  "dvars_nstd": 82.54292088277609,
  "dvars_std": 1.370859227669705,
  "dvars_vstd": 0.9993889597365763,
  "efc": 0.5783426085911304,
  "fber": 255.4838409423828,
  "fd_mean": 0.4865599278057548,
  "fd_num": 914,
  "fd_perc": 92.51012145748987,
  "fwhm_avg": 2.7946283333333333,
  "fwhm_x": 2.395985,
  "fwhm_y": 3.190505,
  "fwhm_z": 2.797395,
  "gcor": 0.0197669,
  "gsr_x": -0.004045884124934673,
  "gsr_y": 0.05260979384183884,
  "provenance": {
    "md5sum": "749fd5b116afbe70d1f0d700a14b2385",
    "settings": {
      "fd_thres": 0.2,
      "testing": false
    },
    "software": "mriqc",
    "version": "23.1.0"
  },
  "size_t": 988,
  "size_x": 96,
  "size_y": 96,
  "size_z": 60,
  "snr": 2.6361541072260595,
  "spacing_tr": 1.5,
  "spacing_x": 2.0,
  "spacing_y": 2.0,
  "spacing_z": 2.0,
  "summary_bg_k": 55.72011211683631,
  "summary_bg_mad": 6.704725007271663,
  "summary_bg_mean": 37.48160960914121,
  "summary_bg_median": 24.304656982421875,
  "summary_bg_n": 401986.0,
  "summary_bg_p05": 2.8876519203186035,
  "summary_bg_p95": 113.74899291992188,
  "summary_bg_stdv": 43.0282281140795,
  "summary_fg_k": 2.073367414277217,
  "summary_fg_mad": 128.57450124679872,
  "summary_fg_mean": 403.025585977053,
  "summary_fg_median": 388.48228454589844,
  "summary_fg_n": 150974.0,
  "summary_fg_p05": 186.14675903320312,
  "summary_fg_p95": 657.6103515625,
  "summary_fg_stdv": 147.3665734837642,
  "tsnr": 23.879416830284754
}