{
  "aor": 0.0010440232108317215,
  "aqi": 0.018524322050290132,
  "bids_meta": {
    "dataset": "ds001510",
    "modality": "bold",
    "run_id": 3,
    "subject_id": "11",
    "task_id": "perception"
  },
  "dummy_trs": 1,
  "dvars_nstd": 50.213673014961266,
  "dvars_std": 1.2421450078682184,
  "dvars_vstd": 0.9777832346511632,
  "efc": 0.5791542238442338,
  "fber": 246.4617919921875,
  "fd_mean": 0.1975343215064232,
  "fd_num": 179,
  "fd_perc": 34.622823984526114,
  "fwhm_avg": 2.858081666666667,
  "fwhm_x": 2.47054,
  "fwhm_y": 3.20901,
  "fwhm_z": 2.894695,
  "gcor": 0.0169291,
  "gsr_x": -0.008223410695791245,
  "gsr_y": 0.05296291410923004,
  "provenance": {
    "md5sum": "0c44fcd9dd1bd61dad330d66ebf9415d",
    "settings": {
      "fd_thres": 0.2,
      "testing": false
    },
    "software": "mriqc",
    "version": "23.1.0"
  },
  "size_t": 517,
  "size_x": 96,
  "size_y": 96,
  "size_z": 60,
  "snr": 2.5637101957146786,
  "spacing_tr": 1.5,
  "spacing_x": 2.0,
  "spacing_y": 2.0,
  "spacing_z": 2.0,
  "summary_bg_k": 59.43844143933991,
  "summary_bg_mad": 6.383507911701537,
  "summary_bg_mean": 39.97955623956117,
  "summary_bg_median": 25.622825622558594,
  "summary_bg_n": 403127.0,
  "summary_bg_p05": 16.789169311523438,
  "summary_bg_p95": 118.66925048828125,
  "summary_bg_stdv": 45.137469981117285,
  "summary_fg_k": 3.1015766051919895,
  "summary_fg_mad": 133.6865786686421,
  "summary_fg_mean": 420.3110296588108,
  "summary_fg_median": 402.2553405761719,
  "summary_fg_n": 149833.0,
  "summary_fg_p05": 200.41200256347656,
  "summary_fg_p95": 692.7098999023438,
  "summary_fg_stdv": 156.90306919272658,
  "tsnr": 29.400443189428188
}