{
  "bids_meta": {
    "dataset": "ds001510",
    "modality": "T1w",
    "subject_id": "08"
  },
  "cjv": 0.5176903093679547,
  "cnr": 2.1873551323881424,
  "efc": 0.5621451001850656,
  "fber": 4420.419914148641,
  "fwhm_avg": 4.21635,
  "fwhm_x": 4.13203,
  "fwhm_y": 4.14432,
  "fwhm_z": 4.3727,
  "icvs_csf": 0.2593800805718975,
  "icvs_gm": 0.3906509604345433,
  "icvs_wm": 0.34996895899355934,
  "inu_med": 0.5523842871189117,
  "inu_range": 0.27058958262205124,
  "provenance": {
    "md5sum": "d1876911b8f78fb7876aee6242014bf9",
    "settings": {
      "testing": false
    },
    "software": "mriqc",
    "version": "23.1.0",
    "warnings": {
      "large_rot_frame": true,
      "small_air_mask": false
    }
  },
  "qi_1": 0.0,
  "qi_2": 0.00040686797366753765,
  "rpve_csf": 7.114958845870059,
  "rpve_gm": 7.060175944443182,
  "rpve_wm": 7.157108276525107,
  "size_x": 176,
  "size_y": 256,
  "size_z": 256,
  "snr_csf": 1.9863390990935392,
  "snr_gm": 6.215261597848432,
  "snr_total": 6.848396447173063,
  "snr_wm": 12.34358864457722,
  "snrd_csf": 32.63620010934946,
  "snrd_gm": 53.04919140242114,
  "snrd_total": 53.98057842919378,
  "snrd_wm": 76.25634377581073,
  "spacing_x": 1.0,
  "spacing_y": 1.0,
  "spacing_z": 1.0,
  "summary_bg_k": 404.5350261150387,
  "summary_bg_mad": 8.359239398447087,
  "summary_bg_mean": 10.01327163905167,
  "summary_bg_median": 5.63822129368782,
  "summary_bg_n": 3929539.0,
  "summary_bg_p05": 0.0,
  "summary_bg_p95": 34.38043209910393,
  "summary_bg_stdv": 15.879162338831811,
  "summary_csf_k": -0.7403279039449826,
  "summary_csf_mad": 158.19703433000993,
  "summary_csf_mean": 415.9633777734439,
  "summary_csf_median": 416.42291554808617,
  "summary_csf_n": 414275.6398920261,
  "summary_csf_p05": 86.43859562277794,
  "summary_csf_p95": 743.1853947341442,
  "summary_csf_stdv": 209.64316372074313,
  "summary_gm_k": -0.7112075446596307,
  "summary_gm_mad": 88.80906218049425,
  "summary_gm_mean": 682.9979855041169,
  "summary_gm_median": 676.8833037316799,
  "summary_gm_n": 623938.3388717677,
  "summary_gm_p05": 511.1280762255192,
  "summary_gm_p95": 871.0416009128094,
  "summary_gm_stdv": 108.90656019011973,
  "summary_wm_k": -0.37951637703625396,
  "summary_wm_mad": 64.48556107373467,
  "summary_wm_mean": 958.3929448309157,
  "summary_wm_median": 972.9959032535553,
  "summary_wm_n": 558962.0224873632,
  "summary_wm_p05": 805.6297553777695,
  "summary_wm_p95": 1064.8183643221855,
  "summary_wm_stdv": 78.82594445668285,
  "tpm_overlap_csf": 0.2198952733257269,
  "tpm_overlap_gm": 0.5214209130671339,
  "tpm_overlap_wm": 0.547882708995414,
  "wm2max": 0.4843726917800992
}