{
  "bids_meta": {
    "dataset": "ds001510",
    "modality": "T1w",
    "subject_id": "27"
  },
  "cjv": 0.5728786604359665,
  "cnr": 1.5708188078974852,
  "efc": 0.5794251995691625,
  "fber": 5643.172548476454,
  "fwhm_avg": 4.0079633333333335,
  "fwhm_x": 3.89483,
  "fwhm_y": 3.97132,
  "fwhm_z": 4.15774,
  "icvs_csf": 0.25886237027824405,
  "icvs_gm": 0.3840051411691383,
  "icvs_wm": 0.35713248855261764,
  "inu_med": 0.6420639753341675,
  "inu_range": 0.36271165609359746,
  "provenance": {
    "md5sum": "8177245593da50474552dd2981903d8d",
    "settings": {
      "testing": false
    },
    "software": "mriqc",
    "version": "23.1.0",
    "warnings": {
      "large_rot_frame": true,
      "small_air_mask": false
    }
  },
  "qi_1": 0.0,
  "qi_2": 0.0005003044743449484,
  "rpve_csf": 5.787086348338424,
  "rpve_gm": 5.677555556037962,
  "rpve_wm": 5.77708068982312,
  "size_x": 176,
  "size_y": 256,
  "size_z": 256,
  "snr_csf": 1.923202803077419,
  "snr_gm": 5.070027140528115,
  "snr_total": 5.485756800223894,
  "snr_wm": 9.46404045706615,
  "snrd_csf": 23.507136622327305,
  "snrd_gm": 40.23445537073966,
  "snrd_total": 39.897905108715086,
  "snrd_wm": 55.95212333307829,
  "spacing_x": 1.0,
  "spacing_y": 1.0,
  "spacing_z": 1.0,
  "summary_bg_k": 3359.1433647821814,
  "summary_bg_mad": 11.18994185603944,
  "summary_bg_mean": 13.609742728135043,
  "summary_bg_median": 7.547501087188721,
  "summary_bg_n": 3176261.0,
  "summary_bg_p05": 0.0,
  "summary_bg_p95": 43.4420120716095,
  "summary_bg_stdv": 25.288932672374262,
  "summary_csf_k": -0.49308955898797935,
  "summary_csf_mad": 164.72635336913874,
  "summary_csf_mean": 412.649499790089,
  "summary_csf_median": 401.5095055103302,
  "summary_csf_n": 506206.65967941645,
  "summary_csf_p05": 105.05068373680115,
  "summary_csf_p95": 740.1816763877869,
  "summary_csf_stdv": 208.77107098695376,
  "summary_gm_k": -0.2764038483892266,
  "summary_gm_mad": 85.03054654560202,
  "summary_gm_mean": 697.8233999592816,
  "summary_gm_median": 687.2175263166428,
  "summary_gm_n": 750923.9740098652,
  "summary_gm_p05": 483.6982818841934,
  "summary_gm_p95": 959.1469695568085,
  "summary_gm_stdv": 135.54504733156398,
  "summary_wm_k": 0.012018093526037887,
  "summary_wm_mad": 68.76609617345167,
  "summary_wm_mean": 930.0328738494031,
  "summary_wm_median": 955.6803847551346,
  "summary_wm_n": 698374.3674250509,
  "summary_wm_p05": 726.8857878446579,
  "summary_wm_p95": 1057.527768611908,
  "summary_wm_stdv": 100.98009458777429,
  "tpm_overlap_csf": 0.2243758510360049,
  "tpm_overlap_gm": 0.5242609511153377,
  "tpm_overlap_wm": 0.5398977999398412,
  "wm2max": 0.4465014248518769
}