{
  "aor": 0.0009269642857142856,
  "aqi": 0.010158419206349205,
  "bids_meta": {
    "dataset": "ds001510",
    "modality": "bold",
    "run_id": 4,
    "subject_id": "22",
    "task_id": "perception"
  },
  "dummy_trs": 1,
  "dvars_nstd": 34.76276354848909,
  "dvars_std": 1.032791456858846,
  "dvars_vstd": 0.9775751847117288,
  "efc": 0.5713565796485779,
  "fber": 297.41046142578125,
  "fd_mean": 0.1665208907727808,
  "fd_num": 117,
  "fd_perc": 23.214285714285715,
  "fwhm_avg": 2.889673333333333,
  "fwhm_x": 2.538455,
  "fwhm_y": 3.223395,
  "fwhm_z": 2.90717,
  "gcor": 0.0188641,
  "gsr_x": -0.006014655809849501,
  "gsr_y": 0.043096039444208145,
  "provenance": {
    "md5sum": "c3bb6ae0a55c6cb55765271b9e3cfaf5",
    "settings": {
      "fd_thres": 0.2,
      "testing": false
    },
    "software": "mriqc",
    "version": "23.1.0"
  },
  "size_t": 504,
  "size_x": 96,
  "size_y": 96,
  "size_z": 60,
  "snr": 2.1601648871577703,
  "spacing_tr": 1.5,
  "spacing_x": 2.0,
  "spacing_y": 2.0,
  "spacing_z": 2.0,
  "summary_bg_k": 46.58612715865446,
  "summary_bg_mad": 9.898724267538121,
  "summary_bg_mean": 45.50893598305374,
  "summary_bg_median": 27.573413848876953,
  "summary_bg_n": 391897.0,
  "summary_bg_p05": 18.74603271484375,
  "summary_bg_p95": 138.5337371826172,
  "summary_bg_stdv": 54.74514970586142,
  "summary_fg_k": 1.8487117329000684,
  "summary_fg_mad": 195.0328198482049,
  "summary_fg_mean": 508.80810365888084,
  "summary_fg_median": 475.5198669433594,
  "summary_fg_n": 161063.0,
  "summary_fg_p05": 217.6448516845703,
  "summary_fg_p95": 913.200439453125,
  "summary_fg_stdv": 220.13059909264476,
  "tsnr": 33.98443760583177
}