{
  "bids_meta": {
    "dataset": "ds001510",
    "modality": "T1w",
    "subject_id": "31"
  },
  "cjv": 0.8953917892660237,
  "cnr": 0.986876336766737,
  "efc": 0.554778426742231,
  "fber": 1485.349319593077,
  "fwhm_avg": 4.078956666666667,
  "fwhm_x": 3.94642,
  "fwhm_y": 4.04354,
  "fwhm_z": 4.24691,
  "icvs_csf": 0.26289400722456513,
  "icvs_gm": 0.37159017183768905,
  "icvs_wm": 0.36551582093774576,
  "inu_med": 0.8807843029499054,
  "inu_range": 0.5517891258001326,
  "provenance": {
    "md5sum": "22524cd1e970b0207e95d2331e49cc1b",
    "settings": {
      "testing": false
    },
    "software": "mriqc",
    "version": "23.1.0",
    "warnings": {
      "large_rot_frame": true,
      "small_air_mask": false
    }
  },
  "qi_1": 0.0,
  "qi_2": 0.0005008643757645102,
  "rpve_csf": 7.570698643966724,
  "rpve_gm": 7.4213610701118515,
  "rpve_wm": 7.529985617497599,
  "size_x": 176,
  "size_y": 256,
  "size_z": 256,
  "snr_csf": 2.479392698697331,
  "snr_gm": 4.86185940007346,
  "snr_total": 5.114129631896117,
  "snr_wm": 8.00113679691756,
  "snrd_csf": 23.88548452854079,
  "snrd_gm": 34.80289996719807,
  "snrd_total": 34.303687078340424,
  "snrd_wm": 44.2226767392824,
  "spacing_x": 1.0,
  "spacing_y": 1.0,
  "spacing_z": 1.0,
  "summary_bg_k": 6.956864921110672,
  "summary_bg_mad": 13.35641653929977,
  "summary_bg_mean": 36.59327795460431,
  "summary_bg_median": 9.008766055107117,
  "summary_bg_n": 4587877.0,
  "summary_bg_p05": 0.0,
  "summary_bg_p95": 177.10047280788422,
  "summary_bg_stdv": 62.23188122107033,
  "summary_csf_k": 0.04366514642833108,
  "summary_csf_mad": 126.60603222581759,
  "summary_csf_mean": 477.92635852292767,
  "summary_csf_median": 486.9588693380356,
  "summary_csf_n": 393636.9807398808,
  "summary_csf_p05": 144.51786983013153,
  "summary_csf_p95": 791.2609610557556,
  "summary_csf_stdv": 196.40222827770688,
  "summary_gm_k": 0.07801179045122053,
  "summary_gm_mad": 91.09555951055353,
  "summary_gm_mean": 717.337812384638,
  "summary_gm_median": 709.5347300767899,
  "summary_gm_n": 556390.1393532169,
  "summary_gm_p05": 488.1456528902054,
  "summary_gm_p95": 963.0748525857925,
  "summary_gm_stdv": 145.93883410992837,
  "summary_wm_k": 0.8896368813194564,
  "summary_wm_mad": 80.8583061151621,
  "summary_wm_mean": 898.8278921120484,
  "summary_wm_median": 901.5778867006302,
  "summary_wm_n": 547294.8801137555,
  "summary_wm_p05": 706.5138264894485,
  "summary_wm_p95": 1079.9730324745178,
  "summary_wm_stdv": 112.68112093524016,
  "tpm_overlap_csf": 0.21573571315084294,
  "tpm_overlap_gm": 0.5232122359218012,
  "tpm_overlap_wm": 0.541443638256262,
  "wm2max": 0.3071687456490436
}