{
  "aor": 0.0015796332046332045,
  "aqi": 0.007144982818532818,
  "bids_meta": {
    "dataset": "ds001510",
    "modality": "bold",
    "run_id": 3,
    "subject_id": "03",
    "task_id": "perception"
  },
  "dummy_trs": 0,
  "dvars_nstd": 36.223216667504836,
  "dvars_std": 1.1719153342553201,
  "dvars_vstd": 1.006903664410058,
  "efc": 0.5785857852856022,
  "fber": 348.7613830566406,
  "fd_mean": 0.15509842227460605,
  "fd_num": 116,
  "fd_perc": 22.393822393822393,
  "fwhm_avg": 3.237486666666667,
  "fwhm_x": 3.018775,
  "fwhm_y": 3.504275,
  "fwhm_z": 3.18941,
  "gcor": 0.0435959,
  "gsr_x": 0.0015279297949746251,
  "gsr_y": 0.05159687623381615,
  "provenance": {
    "md5sum": "4342ba0040009e7d956bbb0acda27a1c",
    "settings": {
      "fd_thres": 0.2,
      "testing": false
    },
    "software": "mriqc",
    "version": "23.1.0"
  },
  "size_t": 518,
  "size_x": 96,
  "size_y": 96,
  "size_z": 60,
  "snr": 1.9955745052043907,
  "spacing_tr": 1.5,
  "spacing_x": 2.0,
  "spacing_y": 2.0,
  "spacing_z": 2.0,
  "summary_bg_k": 29.871332874984972,
  "summary_bg_mad": 11.245451634822686,
  "summary_bg_mean": 52.28808559927743,
  "summary_bg_median": 28.772199630737305,
  "summary_bg_n": 378772.0,
  "summary_bg_p05": 19.527027130126953,
  "summary_bg_p95": 168.20269775390625,
  "summary_bg_stdv": 62.323112119756495,
  "summary_fg_k": 2.420041076258163,
  "summary_fg_mad": 238.43707663616735,
  "summary_fg_mean": 588.3057252025129,
  "summary_fg_median": 537.3252868652344,
  "summary_fg_n": 174188.0,
  "summary_fg_p05": 257.5386047363281,
  "summary_fg_p95": 1095.9227294921875,
  "summary_fg_stdv": 269.2576714575119,
  "tsnr": 37.05164270591922
}