{
  "aor": 0.0020025708502024292,
  "aqi": 0.009125274534412958,
  "bids_meta": {
    "dataset": "ds001510",
    "modality": "bold",
    "run_id": 1,
    "subject_id": "03",
    "task_id": "perception"
  },
  "dummy_trs": 0,
  "dvars_nstd": 35.14666573939147,
  "dvars_std": 1.1399464176673433,
  "dvars_vstd": 0.9956084904462468,
  "efc": 0.5763552834302644,
  "fber": 351.3108825683594,
  "fd_mean": 0.14480122191153227,
  "fd_num": 75,
  "fd_perc": 15.182186234817813,
  "fwhm_avg": 3.2407033333333337,
  "fwhm_x": 3.000555,
  "fwhm_y": 3.52294,
  "fwhm_z": 3.198615,
  "gcor": 0.0208765,
  "gsr_x": 0.0005274217110127211,
  "gsr_y": 0.050967056304216385,
  "provenance": {
    "md5sum": "49648bf14d048efc90c417eb22e56ee7",
    "settings": {
      "fd_thres": 0.2,
      "testing": false
    },
    "software": "mriqc",
    "version": "23.1.0"
  },
  "size_t": 494,
  "size_x": 96,
  "size_y": 96,
  "size_z": 60,
  "snr": 1.9992056846436144,
  "spacing_tr": 1.5,
  "spacing_x": 2.0,
  "spacing_y": 2.0,
  "spacing_z": 2.0,
  "summary_bg_k": 27.319524821609953,
  "summary_bg_mad": 12.115919960442598,
  "summary_bg_mean": 50.75796010818969,
  "summary_bg_median": 28.734819412231445,
  "summary_bg_n": 378589.0,
  "summary_bg_p05": 17.983806610107422,
  "summary_bg_p95": 163.0242919921875,
  "summary_bg_stdv": 59.63388122993378,
  "summary_fg_k": 2.448227124274303,
  "summary_fg_mad": 239.1821783614588,
  "summary_fg_mean": 589.3375456265813,
  "summary_fg_median": 538.5850219726562,
  "summary_fg_n": 174371.0,
  "summary_fg_p05": 257.9453430175781,
  "summary_fg_p95": 1098.2652587890625,
  "summary_fg_stdv": 269.3987325777405,
  "tsnr": 33.21362481475808
}