{
  "aor": 0.0007324435318275155,
  "aqi": 0.007693867700205338,
  "bids_meta": {
    "dataset": "ds001510",
    "modality": "bold",
    "run_id": 2,
    "subject_id": "30",
    "task_id": "recall"
  },
  "dummy_trs": 5,
  "dvars_nstd": 49.26379695528804,
  "dvars_std": 1.2076773912551442,
  "dvars_vstd": 0.9982420162757195,
  "efc": 0.6301665565785503,
  "fber": 143.58949279785156,
  "fd_mean": 0.15074812089487694,
  "fd_num": 106,
  "fd_perc": 21.765913757700204,
  "fwhm_avg": 3.099933333333333,
  "fwhm_x": 2.893365,
  "fwhm_y": 3.340965,
  "fwhm_z": 3.06547,
  "gcor": 0.0159399,
  "gsr_x": -0.008320336230099201,
  "gsr_y": 0.09398302435874939,
  "provenance": {
    "md5sum": "9d68ba20b44ee27cb9a5613edf292d78",
    "settings": {
      "fd_thres": 0.2,
      "testing": false
    },
    "software": "mriqc",
    "version": "23.1.0"
  },
  "size_t": 487,
  "size_x": 96,
  "size_y": 96,
  "size_z": 60,
  "snr": 1.7016272391472225,
  "spacing_tr": 1.5,
  "spacing_x": 2.0,
  "spacing_y": 2.0,
  "spacing_z": 2.0,
  "summary_bg_k": 32.757621545102005,
  "summary_bg_mad": 13.294713262197961,
  "summary_bg_mean": 71.48102115456318,
  "summary_bg_median": 39.5872688293457,
  "summary_bg_n": 348590.0,
  "summary_bg_p05": 28.979467391967773,
  "summary_bg_p95": 216.23204040527344,
  "summary_bg_stdv": 80.72157298799952,
  "summary_fg_k": 4.666030691239364,
  "summary_fg_mad": 224.1058584630003,
  "summary_fg_mean": 533.0873892616174,
  "summary_fg_median": 474.36962890625,
  "summary_fg_n": 204370.0,
  "summary_fg_p05": 212.5482635498047,
  "summary_fg_p95": 1062.5667724609375,
  "summary_fg_stdv": 278.77343370270125,
  "tsnr": 36.64426892856136
}