{
  "aor": 0.0010235714285714286,
  "aqi": 0.006993692837301588,
  "bids_meta": {
    "dataset": "ds001510",
    "modality": "bold",
    "run_id": 3,
    "subject_id": "30",
    "task_id": "perception"
  },
  "dummy_trs": 0,
  "dvars_nstd": 35.49434429801194,
  "dvars_std": 1.1074433474155068,
  "dvars_vstd": 0.9945991557654081,
  "efc": 0.6218283321304909,
  "fber": 165.8973388671875,
  "fd_mean": 0.09345120272363526,
  "fd_num": 31,
  "fd_perc": 6.150793650793651,
  "fwhm_avg": 3.103451666666667,
  "fwhm_x": 2.932395,
  "fwhm_y": 3.309145,
  "fwhm_z": 3.068815,
  "gcor": 0.0298809,
  "gsr_x": -0.005641902331262827,
  "gsr_y": 0.08647795766592026,
  "provenance": {
    "md5sum": "d4271f7af4a9b9ee46f831c8f8f5c810",
    "settings": {
      "fd_thres": 0.2,
      "testing": false
    },
    "software": "mriqc",
    "version": "23.1.0"
  },
  "size_t": 504,
  "size_x": 96,
  "size_y": 96,
  "size_z": 60,
  "snr": 1.7276241195924706,
  "spacing_tr": 1.5,
  "spacing_x": 2.0,
  "spacing_y": 2.0,
  "spacing_z": 2.0,
  "summary_bg_k": 33.52542641725535,
  "summary_bg_mad": 14.005298380816974,
  "summary_bg_mean": 67.06531147163776,
  "summary_bg_median": 37.68452453613281,
  "summary_bg_n": 350834.0,
  "summary_bg_p05": 25.950397491455078,
  "summary_bg_p95": 204.34127807617188,
  "summary_bg_stdv": 76.31405254473383,
  "summary_fg_k": 4.592698494319375,
  "summary_fg_mad": 225.20405551645388,
  "summary_fg_mean": 545.7605167547042,
  "summary_fg_median": 485.3809814453125,
  "summary_fg_n": 202126.0,
  "summary_fg_p05": 224.7281951904297,
  "summary_fg_p95": 1081.119140625,
  "summary_fg_stdv": 280.95219049685153,
  "tsnr": 37.500353038311005
}