{
  "aor": 0.0008837621832358675,
  "aqi": 0.006670787407407407,
  "bids_meta": {
    "dataset": "ds001510",
    "modality": "bold",
    "run_id": 4,
    "subject_id": "30",
    "task_id": "perception"
  },
  "dummy_trs": 0,
  "dvars_nstd": 35.9143280610547,
  "dvars_std": 1.1178467577539069,
  "dvars_vstd": 0.9977077283007812,
  "efc": 0.622597837145303,
  "fber": 170.04466247558594,
  "fd_mean": 0.0963013959216773,
  "fd_num": 43,
  "fd_perc": 8.382066276803119,
  "fwhm_avg": 3.0960933333333336,
  "fwhm_x": 2.91819,
  "fwhm_y": 3.309315,
  "fwhm_z": 3.060775,
  "gcor": 0.0259622,
  "gsr_x": -0.006637014448642731,
  "gsr_y": 0.08736575394868851,
  "provenance": {
    "md5sum": "fa530c06e63289909fbc05169fb1f05c",
    "settings": {
      "fd_thres": 0.2,
      "testing": false
    },
    "software": "mriqc",
    "version": "23.1.0"
  },
  "size_t": 513,
  "size_x": 96,
  "size_y": 96,
  "size_z": 60,
  "snr": 1.7260059772146124,
  "spacing_tr": 1.5,
  "spacing_x": 2.0,
  "spacing_y": 2.0,
  "spacing_z": 2.0,
  "summary_bg_k": 32.52556350804352,
  "summary_bg_mad": 13.135333410595036,
  "summary_bg_mean": 67.84283769525433,
  "summary_bg_median": 37.171539306640625,
  "summary_bg_n": 351034.0,
  "summary_bg_p05": 25.623781204223633,
  "summary_bg_p95": 209.27874755859375,
  "summary_bg_stdv": 77.5178131614873,
  "summary_fg_k": 4.607862514237242,
  "summary_fg_mad": 224.97257990152852,
  "summary_fg_mean": 545.3629264672287,
  "summary_fg_median": 484.72125244140625,
  "summary_fg_n": 201926.0,
  "summary_fg_p05": 225.90447998046875,
  "summary_fg_p95": 1080.9161376953125,
  "summary_fg_stdv": 280.8333566592719,
  "tsnr": 38.14392100274563
}