{
  "aor": 0.00042656370656370655,
  "aqi": 0.00624877498069498,
  "bids_meta": {
    "dataset": "ds001510",
    "modality": "bold",
    "run_id": 1,
    "subject_id": "27",
    "task_id": "perception"
  },
  "dummy_trs": 1,
  "dvars_nstd": 35.440631357601475,
  "dvars_std": 1.1036732060541576,
  "dvars_vstd": 0.9605713373694388,
  "efc": 0.6255639273966406,
  "fber": 267.7048034667969,
  "fd_mean": 0.07930749936733085,
  "fd_num": 5,
  "fd_perc": 0.9652509652509652,
  "fwhm_avg": 3.089133333333333,
  "fwhm_x": 2.892645,
  "fwhm_y": 3.251185,
  "fwhm_z": 3.12357,
  "gcor": 0.0115277,
  "gsr_x": -0.014771471731364727,
  "gsr_y": 0.06626005470752716,
  "provenance": {
    "md5sum": "b8866ee1c11ca6ceab22a648e882e2e4",
    "settings": {
      "fd_thres": 0.2,
      "testing": false
    },
    "software": "mriqc",
    "version": "23.1.0"
  },
  "size_t": 518,
  "size_x": 96,
  "size_y": 96,
  "size_z": 60,
  "snr": 1.813258570944312,
  "spacing_tr": 1.5,
  "spacing_x": 2.0,
  "spacing_y": 2.0,
  "spacing_z": 2.0,
  "summary_bg_k": 23.003470132754817,
  "summary_bg_mad": 13.884368660372918,
  "summary_bg_mean": 62.05086847566246,
  "summary_bg_median": 31.864864349365234,
  "summary_bg_n": 335782.0,
  "summary_bg_p05": 20.638996124267578,
  "summary_bg_p95": 208.02896118164062,
  "summary_bg_stdv": 74.37586937463466,
  "summary_fg_k": 4.555726774709438,
  "summary_fg_mad": 229.81759617851324,
  "summary_fg_mean": 578.999444450512,
  "summary_fg_median": 521.3629455566406,
  "summary_fg_n": 217178.0,
  "summary_fg_p05": 246.51736450195312,
  "summary_fg_p95": 1117.436279296875,
  "summary_fg_stdv": 287.5275228790022,
  "tsnr": 39.616801276104525
}