{
  "aor": 0.00043244939271255064,
  "aqi": 0.0045577221457489886,
  "bids_meta": {
    "dataset": "ds001510",
    "modality": "bold",
    "run_id": 2,
    "subject_id": "27",
    "task_id": "perception"
  },
  "dummy_trs": 1,
  "dvars_nstd": 35.08569336324541,
  "dvars_std": 1.1317166930831644,
  "dvars_vstd": 0.9835361210547657,
  "efc": 0.6269939871163462,
  "fber": 257.9784240722656,
  "fd_mean": 0.07188057132744279,
  "fd_num": 2,
  "fd_perc": 0.4048582995951417,
  "fwhm_avg": 3.075013333333333,
  "fwhm_x": 2.884715,
  "fwhm_y": 3.22837,
  "fwhm_z": 3.111955,
  "gcor": 0.00669585,
  "gsr_x": -0.01487664133310318,
  "gsr_y": 0.06491927057504654,
  "provenance": {
    "md5sum": "b3049767d6d712e5866f5994c7a93123",
    "settings": {
      "fd_thres": 0.2,
      "testing": false
    },
    "software": "mriqc",
    "version": "23.1.0"
  },
  "size_t": 494,
  "size_x": 96,
  "size_y": 96,
  "size_z": 60,
  "snr": 1.8035262276485466,
  "spacing_tr": 1.5,
  "spacing_x": 2.0,
  "spacing_y": 2.0,
  "spacing_z": 2.0,
  "summary_bg_k": 22.809556366570224,
  "summary_bg_mad": 14.432862029486426,
  "summary_bg_mean": 63.49266285654364,
  "summary_bg_median": 32.24696350097656,
  "summary_bg_n": 335932.0,
  "summary_bg_p05": 20.49190330505371,
  "summary_bg_p95": 213.02024841308594,
  "summary_bg_stdv": 76.82060431287049,
  "summary_fg_k": 4.495927738373898,
  "summary_fg_mad": 229.54519607302882,
  "summary_fg_mean": 576.102206498362,
  "summary_fg_median": 517.9412841796875,
  "summary_fg_n": 217028.0,
  "summary_fg_p05": 244.06883239746094,
  "summary_fg_p95": 1112.854248046875,
  "summary_fg_stdv": 287.18190119945166,
  "tsnr": 43.771229177713394
}