{
  "aor": 0.0025236767676767675,
  "aqi": 0.011483705030303031,
  "bids_meta": {
    "dataset": "ds001510",
    "modality": "bold",
    "run_id": 3,
    "subject_id": "29",
    "task_id": "perception"
  },
  "dummy_trs": 0,
  "dvars_nstd": 38.23832297997977,
  "dvars_std": 1.0395603276923069,
  "dvars_vstd": 0.9758613777327928,
  "efc": 0.6331222185869148,
  "fber": 186.74249267578125,
  "fd_mean": 0.09530509550380355,
  "fd_num": 26,
  "fd_perc": 5.252525252525253,
  "fwhm_avg": 2.7713300000000003,
  "fwhm_x": 2.425495,
  "fwhm_y": 3.065665,
  "fwhm_z": 2.82283,
  "gcor": 0.00960287,
  "gsr_x": -0.025917725637555122,
  "gsr_y": 0.062340378761291504,
  "provenance": {
    "md5sum": "cc6d84a817cfebefca8354732e6bd33a",
    "settings": {
      "fd_thres": 0.2,
      "testing": false
    },
    "software": "mriqc",
    "version": "23.1.0"
  },
  "size_t": 495,
  "size_x": 96,
  "size_y": 96,
  "size_z": 60,
  "snr": 2.2886980105851245,
  "spacing_tr": 1.5,
  "spacing_x": 2.0,
  "spacing_y": 2.0,
  "spacing_z": 2.0,
  "summary_bg_k": 36.33411474566546,
  "summary_bg_mad": 9.144211493008111,
  "summary_bg_mean": 57.04339672972474,
  "summary_bg_median": 30.77777862548828,
  "summary_bg_n": 366453.0,
  "summary_bg_p05": 22.884849548339844,
  "summary_bg_p95": 182.75758361816406,
  "summary_bg_stdv": 69.79157878760475,
  "summary_fg_k": 1.5148190131815449,
  "summary_fg_mad": 162.6999385625449,
  "summary_fg_mean": 447.00861382930447,
  "summary_fg_median": 420.58990478515625,
  "summary_fg_n": 186507.0,
  "summary_fg_p05": 196.43435668945312,
  "summary_fg_p95": 783.6444702148438,
  "summary_fg_stdv": 183.7677034252162,
  "tsnr": 32.7515549918171
}