{
  "aor": 0.00259224043715847,
  "aqi": 0.022827339890710386,
  "bids_meta": {
    "dataset": "ds001510",
    "modality": "bold",
    "run_id": 1,
    "subject_id": "29",
    "task_id": "schemarecall"
  },
  "dummy_trs": 1,
  "dvars_nstd": 84.87490398296707,
  "dvars_std": 1.2036516002197806,
  "dvars_vstd": 1.0192843901648345,
  "efc": 0.6384091887993566,
  "fber": 160.1276397705078,
  "fd_mean": 0.6232342516969802,
  "fd_num": 169,
  "fd_perc": 92.34972677595628,
  "fwhm_avg": 2.854461666666667,
  "fwhm_x": 2.463435,
  "fwhm_y": 3.18841,
  "fwhm_z": 2.91154,
  "gcor": 0.0157961,
  "gsr_x": -0.023040901869535446,
  "gsr_y": 0.06786812841892242,
  "provenance": {
    "md5sum": "3e5c76d9478c3e535b75bfd963e17536",
    "settings": {
      "fd_thres": 0.2,
      "testing": false
    },
    "software": "mriqc",
    "version": "23.1.0"
  },
  "size_t": 183,
  "size_x": 96,
  "size_y": 96,
  "size_z": 60,
  "snr": 2.2635624607792337,
  "spacing_tr": 1.5,
  "spacing_x": 2.0,
  "spacing_y": 2.0,
  "spacing_z": 2.0,
  "summary_bg_k": 35.454009367561326,
  "summary_bg_mad": 8.903715070669572,
  "summary_bg_mean": 58.9841379336418,
  "summary_bg_median": 32.68305969238281,
  "summary_bg_n": 366788.0,
  "summary_bg_p05": 24.912567138671875,
  "summary_bg_p95": 183.7213134765625,
  "summary_bg_stdv": 69.36567456698242,
  "summary_fg_k": 1.6093683704518869,
  "summary_fg_mad": 159.6349453318046,
  "summary_fg_mean": 440.47656010594307,
  "summary_fg_median": 413.5764923095703,
  "summary_fg_n": 186172.0,
  "summary_fg_p05": 193.10382080078125,
  "summary_fg_p95": 778.3770141601562,
  "summary_fg_stdv": 182.7099489130397,
  "tsnr": 22.898495927336626
}