{
  "aor": 0.006581922330097087,
  "aqi": 0.021198391844660193,
  "bids_meta": {
    "dataset": "ds001510",
    "modality": "bold",
    "run_id": 4,
    "subject_id": "29",
    "task_id": "perception"
  },
  "dummy_trs": 2,
  "dvars_nstd": 41.222487193404696,
  "dvars_std": 1.0189262735992217,
  "dvars_vstd": 0.9864483529766537,
  "efc": 0.6313230487242627,
  "fber": 201.1967010498047,
  "fd_mean": 0.1651533384255291,
  "fd_num": 57,
  "fd_perc": 11.067961165048544,
  "fwhm_avg": 2.830226666666667,
  "fwhm_x": 2.45092,
  "fwhm_y": 3.15094,
  "fwhm_z": 2.88882,
  "gcor": 0.0132819,
  "gsr_x": -0.02484428696334362,
  "gsr_y": 0.0661572515964508,
  "provenance": {
    "md5sum": "4531d1de089603164b9a68e6795e6345",
    "settings": {
      "fd_thres": 0.2,
      "testing": false
    },
    "software": "mriqc",
    "version": "23.1.0"
  },
  "size_t": 515,
  "size_x": 96,
  "size_y": 96,
  "size_z": 60,
  "snr": 2.3040354349356496,
  "spacing_tr": 1.5,
  "spacing_x": 2.0,
  "spacing_y": 2.0,
  "spacing_z": 2.0,
  "summary_bg_k": 41.71336467849886,
  "summary_bg_mad": 10.2429119018597,
  "summary_bg_mean": 56.93360689673352,
  "summary_bg_median": 30.050485610961914,
  "summary_bg_n": 366174.0,
  "summary_bg_p05": 19.619417190551758,
  "summary_bg_p95": 184.10874938964844,
  "summary_bg_stdv": 71.96549019154287,
  "summary_fg_k": 1.4381213649912956,
  "summary_fg_mad": 164.95895234323177,
  "summary_fg_mean": 452.3669227112482,
  "summary_fg_median": 426.2475891113281,
  "summary_fg_n": 186786.0,
  "summary_fg_p05": 201.39224243164062,
  "summary_fg_p95": 790.5786743164062,
  "summary_fg_stdv": 184.99995340415433,
  "tsnr": 24.665927193826064
}