{
  "aor": 0.0006276640926640928,
  "aqi": 0.005993004131274131,
  "bids_meta": {
    "dataset": "ds001510",
    "modality": "bold",
    "run_id": 2,
    "subject_id": "05",
    "task_id": "perception"
  },
  "dummy_trs": 0,
  "dvars_nstd": 30.10279980131528,
  "dvars_std": 1.0253399991876204,
  "dvars_vstd": 0.9866979760348166,
  "efc": 0.585889130764335,
  "fber": 318.736572265625,
  "fd_mean": 0.11974411589845989,
  "fd_num": 41,
  "fd_perc": 7.915057915057915,
  "fwhm_avg": 2.875761666666667,
  "fwhm_x": 2.67201,
  "fwhm_y": 3.095545,
  "fwhm_z": 2.85973,
  "gcor": 0.0108854,
  "gsr_x": 0.005583028309047222,
  "gsr_y": 0.056219007819890976,
  "provenance": {
    "md5sum": "4f5ca1862bdbbcf7b05e1272d770034e",
    "settings": {
      "fd_thres": 0.2,
      "testing": false
    },
    "software": "mriqc",
    "version": "23.1.0"
  },
  "size_t": 518,
  "size_x": 96,
  "size_y": 96,
  "size_z": 60,
  "snr": 2.4070569475291745,
  "spacing_tr": 1.5,
  "spacing_x": 2.0,
  "spacing_y": 2.0,
  "spacing_z": 2.0,
  "summary_bg_k": 24.78204992389994,
  "summary_bg_mad": 7.936789146033038,
  "summary_bg_mean": 45.36997454907103,
  "summary_bg_median": 25.984556198120117,
  "summary_bg_n": 389082.0,
  "summary_bg_p05": 19.225868225097656,
  "summary_bg_p95": 143.80308532714844,
  "summary_bg_stdv": 51.33861940729915,
  "summary_fg_k": 1.1020861227652183,
  "summary_fg_mad": 180.34513556241282,
  "summary_fg_mean": 490.72995865823793,
  "summary_fg_median": 463.90733337402344,
  "summary_fg_n": 163878.0,
  "summary_fg_p05": 228.82432556152344,
  "summary_fg_p95": 841.0057983398438,
  "summary_fg_stdv": 192.72743772992615,
  "tsnr": 41.72673390293494
}