{
  "aor": 0.000774800796812749,
  "aqi": 0.008269898247011952,
  "bids_meta": {
    "dataset": "ds001510",
    "modality": "bold",
    "run_id": 4,
    "subject_id": "05",
    "task_id": "perception"
  },
  "dummy_trs": 0,
  "dvars_nstd": 29.795436432634716,
  "dvars_std": 1.0064507476247506,
  "dvars_vstd": 0.9794868671856284,
  "efc": 0.5913520899915222,
  "fber": 271.0478515625,
  "fd_mean": 0.134177817712357,
  "fd_num": 75,
  "fd_perc": 14.9402390438247,
  "fwhm_avg": 2.881451666666667,
  "fwhm_x": 2.666085,
  "fwhm_y": 3.098595,
  "fwhm_z": 2.879675,
  "gcor": 0.0118339,
  "gsr_x": 0.006427868735045195,
  "gsr_y": 0.056135356426239014,
  "provenance": {
    "md5sum": "08ea7b2858add0c102affb07411d960a",
    "settings": {
      "fd_thres": 0.2,
      "testing": false
    },
    "software": "mriqc",
    "version": "23.1.0"
  },
  "size_t": 502,
  "size_x": 96,
  "size_y": 96,
  "size_z": 60,
  "snr": 2.410983339332426,
  "spacing_tr": 1.5,
  "spacing_x": 2.0,
  "spacing_y": 2.0,
  "spacing_z": 2.0,
  "summary_bg_k": 24.348064636175295,
  "summary_bg_mad": 7.802859848260357,
  "summary_bg_mean": 46.78404378636496,
  "summary_bg_median": 27.80278968811035,
  "summary_bg_n": 389130.0,
  "summary_bg_p05": 20.98605728149414,
  "summary_bg_p95": 144.30477905273438,
  "summary_bg_stdv": 50.60966973105966,
  "summary_fg_k": 1.0230468549181637,
  "summary_fg_mad": 177.66714910889385,
  "summary_fg_mean": 483.228878128669,
  "summary_fg_median": 457.7320861816406,
  "summary_fg_n": 163830.0,
  "summary_fg_p05": 223.6474151611328,
  "summary_fg_p95": 827.5259399414062,
  "summary_fg_stdv": 189.8522821536854,
  "tsnr": 37.77340287016705
}