{
  "aor": 0.0013828571428571431,
  "aqi": 0.010833385772594753,
  "bids_meta": {
    "dataset": "ds001510",
    "modality": "bold",
    "run_id": 2,
    "subject_id": "03",
    "task_id": "recall"
  },
  "dummy_trs": 0,
  "dvars_nstd": 57.703165154356704,
  "dvars_std": 1.2361777540935677,
  "dvars_vstd": 1.0014362551169589,
  "efc": 0.5840902588514821,
  "fber": 290.93902587890625,
  "fd_mean": 0.3923413853918812,
  "fd_num": 269,
  "fd_perc": 78.42565597667638,
  "fwhm_avg": 3.2204033333333335,
  "fwhm_x": 3.007975,
  "fwhm_y": 3.52821,
  "fwhm_z": 3.125025,
  "gcor": 0.03344,
  "gsr_x": 0.0032343086786568165,
  "gsr_y": 0.048480842262506485,
  "provenance": {
    "md5sum": "96bb0f29ef9c8767891ac361f391518e",
    "settings": {
      "fd_thres": 0.2,
      "testing": false
    },
    "software": "mriqc",
    "version": "23.1.0"
  },
  "size_t": 343,
  "size_x": 96,
  "size_y": 96,
  "size_z": 60,
  "snr": 2.0098758397780787,
  "spacing_tr": 1.5,
  "spacing_x": 2.0,
  "spacing_y": 2.0,
  "spacing_z": 2.0,
  "summary_bg_k": 28.391483188519537,
  "summary_bg_mad": 10.477631048478772,
  "summary_bg_mean": 53.141241734111375,
  "summary_bg_median": 30.877552032470703,
  "summary_bg_n": 378648.0,
  "summary_bg_p05": 22.075801849365234,
  "summary_bg_p95": 163.349853515625,
  "summary_bg_stdv": 58.669537017645595,
  "summary_fg_k": 2.3953441532864757,
  "summary_fg_mad": 232.24555639120388,
  "summary_fg_mean": 574.5599061760043,
  "summary_fg_median": 526.6763916015625,
  "summary_fg_n": 174312.0,
  "summary_fg_p05": 250.01458740234375,
  "summary_fg_p95": 1067.8922119140625,
  "summary_fg_stdv": 262.04349067081444,
  "tsnr": 29.977514881873503
}