{
  "aor": 0.009887976190476192,
  "aqi": 0.0154055975,
  "bids_meta": {
    "dataset": "ds001510",
    "modality": "bold",
    "run_id": 1,
    "subject_id": "31",
    "task_id": "schemarecall"
  },
  "dummy_trs": 0,
  "dvars_nstd": 82.95821316253011,
  "dvars_std": 1.2935642006024095,
  "dvars_vstd": 1.0739550181927713,
  "efc": 0.5951997143821823,
  "fber": 255.79249572753906,
  "fd_mean": 0.6498391307429408,
  "fd_num": 76,
  "fd_perc": 90.47619047619048,
  "fwhm_avg": 2.89607,
  "fwhm_x": 2.72073,
  "fwhm_y": 3.09839,
  "fwhm_z": 2.86909,
  "gcor": 0.0101466,
  "gsr_x": 0.00889446958899498,
  "gsr_y": 0.043866612017154694,
  "provenance": {
    "md5sum": "a471b5fd9e0b1048c3ecd5522e685172",
    "settings": {
      "fd_thres": 0.2,
      "testing": false
    },
    "software": "mriqc",
    "version": "23.1.0"
  },
  "size_t": 84,
  "size_x": 96,
  "size_y": 96,
  "size_z": 60,
  "snr": 2.2672743119945427,
  "spacing_tr": 1.5,
  "spacing_x": 2.0,
  "spacing_y": 2.0,
  "spacing_z": 2.0,
  "summary_bg_k": 25.305737006081102,
  "summary_bg_mad": 10.519415202189402,
  "summary_bg_mean": 45.92896080953638,
  "summary_bg_median": 27.535715103149414,
  "summary_bg_n": 382577.0,
  "summary_bg_p05": 18.21428680419922,
  "summary_bg_p95": 139.08334350585938,
  "summary_bg_stdv": 47.807770779288695,
  "summary_fg_k": 3.113955759718256,
  "summary_fg_mad": 168.9283790775981,
  "summary_fg_mean": 472.09424672338037,
  "summary_fg_median": 440.3928527832031,
  "summary_fg_n": 170383.0,
  "summary_fg_p05": 221.61904907226562,
  "summary_fg_p95": 820.2738037109375,
  "summary_fg_stdv": 194.23832312218465,
  "tsnr": 25.82216495706234
}