{
  "aor": 0.0013888104838709677,
  "aqi": 0.01320172618951613,
  "bids_meta": {
    "dataset": "ds001510",
    "modality": "bold",
    "run_id": 4,
    "subject_id": "31",
    "task_id": "perception"
  },
  "dummy_trs": 0,
  "dvars_nstd": 46.37287476280811,
  "dvars_std": 1.0663960308686862,
  "dvars_vstd": 0.9748878088888889,
  "efc": 0.5918129190143318,
  "fber": 271.8031921386719,
  "fd_mean": 0.28476724758401295,
  "fd_num": 296,
  "fd_perc": 59.67741935483871,
  "fwhm_avg": 2.79966,
  "fwhm_x": 2.61791,
  "fwhm_y": 3.01685,
  "fwhm_z": 2.76422,
  "gcor": 0.0148121,
  "gsr_x": 0.006659924518316984,
  "gsr_y": 0.04602627828717232,
  "provenance": {
    "md5sum": "293c51eeb249ff49723c9e43e69f246d",
    "settings": {
      "fd_thres": 0.2,
      "testing": false
    },
    "software": "mriqc",
    "version": "23.1.0"
  },
  "size_t": 496,
  "size_x": 96,
  "size_y": 96,
  "size_z": 60,
  "snr": 2.3315012615465407,
  "spacing_tr": 1.5,
  "spacing_x": 2.0,
  "spacing_y": 2.0,
  "spacing_z": 2.0,
  "summary_bg_k": 28.444710951639987,
  "summary_bg_mad": 9.209469540868168,
  "summary_bg_mean": 43.987027788272464,
  "summary_bg_median": 26.346773147583008,
  "summary_bg_n": 385551.0,
  "summary_bg_p05": 18.16128921508789,
  "summary_bg_p95": 131.7358856201172,
  "summary_bg_stdv": 45.70343108445222,
  "summary_fg_k": 2.894479337253844,
  "summary_fg_mad": 163.25659307591997,
  "summary_fg_mean": 463.72673396452274,
  "summary_fg_median": 434.3648986816406,
  "summary_fg_n": 167409.0,
  "summary_fg_p05": 220.8790283203125,
  "summary_fg_p95": 796.0987548828125,
  "summary_fg_stdv": 186.30210865729103,
  "tsnr": 29.117754504899494
}