{
  "aor": 0.0035471729957805907,
  "aqi": 0.015280530210970466,
  "bids_meta": {
    "dataset": "ds001510",
    "modality": "bold",
    "run_id": 1,
    "subject_id": "31",
    "task_id": "recall"
  },
  "dummy_trs": 0,
  "dvars_nstd": 77.81928865289645,
  "dvars_std": 1.2666558374418608,
  "dvars_vstd": 1.0373127711205072,
  "efc": 0.5899347924548836,
  "fber": 267.9284362792969,
  "fd_mean": 0.59532043924104,
  "fd_num": 444,
  "fd_perc": 93.67088607594937,
  "fwhm_avg": 2.895113333333333,
  "fwhm_x": 2.69802,
  "fwhm_y": 3.11259,
  "fwhm_z": 2.87473,
  "gcor": 0.0118858,
  "gsr_x": 0.013530557975172997,
  "gsr_y": 0.04581291601061821,
  "provenance": {
    "md5sum": "b407bd005c1bcd90adbd9cf463921606",
    "settings": {
      "fd_thres": 0.2,
      "testing": false
    },
    "software": "mriqc",
    "version": "23.1.0"
  },
  "size_t": 474,
  "size_x": 96,
  "size_y": 96,
  "size_z": 60,
  "snr": 2.2861910344393097,
  "spacing_tr": 1.5,
  "spacing_x": 2.0,
  "spacing_y": 2.0,
  "spacing_z": 2.0,
  "summary_bg_k": 21.5426848728933,
  "summary_bg_mad": 11.472965446868486,
  "summary_bg_mean": 43.978143104255984,
  "summary_bg_median": 26.940927505493164,
  "summary_bg_n": 383215.0,
  "summary_bg_p05": 3.8902952671051025,
  "summary_bg_p95": 136.26370239257812,
  "summary_bg_stdv": 47.26619856894876,
  "summary_fg_k": 2.9047362817602194,
  "summary_fg_mad": 168.1001614991757,
  "summary_fg_mean": 471.5756455759457,
  "summary_fg_median": 440.98309326171875,
  "summary_fg_n": 169745.0,
  "summary_fg_p05": 220.84808349609375,
  "summary_fg_p95": 815.8375244140625,
  "summary_fg_stdv": 192.88930262576358,
  "tsnr": 25.620487210457213
}