{
  "aor": 0.0007337103174603175,
  "aqi": 0.009597975912698413,
  "bids_meta": {
    "dataset": "ds001510",
    "modality": "bold",
    "run_id": 2,
    "subject_id": "24",
    "task_id": "perception"
  },
  "dummy_trs": 2,
  "dvars_nstd": 48.010049300377766,
  "dvars_std": 1.148431117753477,
  "dvars_vstd": 1.0029865573757457,
  "efc": 0.5827997389544161,
  "fber": 283.0543518066406,
  "fd_mean": 0.21618525862884844,
  "fd_num": 246,
  "fd_perc": 48.80952380952381,
  "fwhm_avg": 2.75741,
  "fwhm_x": 2.589405,
  "fwhm_y": 2.872225,
  "fwhm_z": 2.8106,
  "gcor": 0.0149344,
  "gsr_x": -0.006518530193716288,
  "gsr_y": 0.046656474471092224,
  "provenance": {
    "md5sum": "b8d6a0ae6ea8a8f5019bd5a59a646604",
    "settings": {
      "fd_thres": 0.2,
      "testing": false
    },
    "software": "mriqc",
    "version": "23.1.0"
  },
  "size_t": 504,
  "size_x": 96,
  "size_y": 96,
  "size_z": 60,
  "snr": 2.0633108885930693,
  "spacing_tr": 1.5,
  "spacing_x": 2.0,
  "spacing_y": 2.0,
  "spacing_z": 2.0,
  "summary_bg_k": 60.50663996932573,
  "summary_bg_mad": 6.954109328575584,
  "summary_bg_mean": 40.80226102002841,
  "summary_bg_median": 25.142858505249023,
  "summary_bg_n": 378318.0,
  "summary_bg_p05": 19.2182559967041,
  "summary_bg_p95": 118.23016357421875,
  "summary_bg_stdv": 46.94894512708615,
  "summary_fg_k": 5.720728971172779,
  "summary_fg_mad": 169.98153430645078,
  "summary_fg_mean": 462.2021699496594,
  "summary_fg_median": 423.0089569091797,
  "summary_fg_n": 174642.0,
  "summary_fg_p05": 218.07937622070312,
  "summary_fg_p95": 826.8095703125,
  "summary_fg_stdv": 205.01406170611273,
  "tsnr": 34.03985256282613
}